TotalTime,PhaseTime,Cycle,State,IR_Temp,TC_Temp
2,2,1,PRE-HEAT,27.5,29.0
3,3,1,PRE-HEAT,27.6,30.5
4,4,1,PRE-HEAT,27.7,31.7
5,5,1,PRE-HEAT,27.7,32.0
6,6,1,PRE-HEAT,27.7,32.0
7,7,1,PRE-HEAT,27.7,32.5
9,9,1,PRE-HEAT,27.9,33.0
11,11,1,PRE-HEAT,28.0,33.5
12,12,1,PRE-HEAT,28.1,33.2
13,13,1,PRE-HEAT,28.1,33.7
14,14,1,PRE-HEAT,28.2,33.7
16,16,1,PRE-HEAT,28.5,34.2
18,18,1,PRE-HEAT,28.5,34.0
19,19,1,PRE-HEAT,28.7,34.7
20,20,1,PRE-HEAT,28.7,34.5
21,21,1,PRE-HEAT,28.8,34.5
22,22,1,PRE-HEAT,28.9,35.0
23,23,1,PRE-HEAT,29.0,34.7
25,25,1,PRE-HEAT,29.1,35.0
27,27,1,PRE-HEAT,29.2,35.5
28,28,1,PRE-HEAT,29.4,35.2
29,29,1,PRE-HEAT,29.5,35.2
30,30,1,PRE-HEAT,29.7,36.0
32,32,1,PRE-HEAT,29.9,35.7
34,0,1,HEATING,30.0,36.0
36,2,1,HEATING,30.1,36.0
38,4,1,HEATING,30.2,36.2
39,5,1,HEATING,30.4,36.5
40,6,1,HEATING,30.4,36.2
41,7,1,HEATING,30.5,37.0
42,8,1,HEATING,30.5,37.0
43,9,1,HEATING,30.6,37.0
45,11,1,HEATING,30.7,36.5
46,12,1,HEATING,30.8,37.2
47,13,1,HEATING,30.8,37.0
48,14,1,HEATING,30.9,37.0
49,15,1,HEATING,31.0,36.7
50,16,1,HEATING,31.0,37.2
51,17,1,HEATING,31.2,37.2
52,18,1,HEATING,31.2,37.5
54,20,1,HEATING,31.3,37.5
55,21,1,HEATING,31.4,37.7
56,22,1,HEATING,31.5,37.7
57,23,1,HEATING,31.6,38.0
58,24,1,HEATING,31.6,38.0
59,25,1,HEATING,31.7,38.0
61,27,1,HEATING,31.9,38.2
62,28,1,HEATING,31.9,38.5
63,29,1,HEATING,32.0,37.7
64,30,1,HEATING,32.1,38.5
65,31,1,HEATING,32.2,38.2
66,32,1,HEATING,32.2,38.7
67,33,1,HEATING,32.3,38.7
68,34,1,HEATING,32.3,39.0
70,36,1,HEATING,32.5,38.7
71,37,1,HEATING,32.6,38.7
72,38,1,HEATING,32.7,39.0
73,39,1,HEATING,32.7,39.2
74,40,1,HEATING,32.8,38.5
75,41,1,HEATING,32.9,39.0
77,43,1,HEATING,33.0,39.2
78,44,1,HEATING,33.1,39.5
79,45,1,HEATING,33.3,39.2
80,46,1,HEATING,33.3,39.2
81,47,1,HEATING,33.4,39.7
82,48,1,HEATING,33.4,39.2
83,49,1,HEATING,33.5,39.2
84,50,1,HEATING,33.5,39.7
86,52,1,HEATING,33.7,39.2
87,53,1,HEATING,33.7,39.7
88,54,1,HEATING,33.8,40.0
89,55,1,HEATING,33.9,40.2
90,56,1,HEATING,34.0,40.5
91,57,1,HEATING,34.0,40.0
93,59,1,HEATING,34.1,39.7
94,60,1,HEATING,34.2,40.0
95,61,1,HEATING,34.3,40.2
96,62,1,HEATING,34.3,40.7
97,63,1,HEATING,34.4,39.7
98,64,1,HEATING,34.4,41.0
99,65,1,HEATING,34.6,40.7
100,66,1,HEATING,34.5,41.0
102,68,1,HEATING,34.8,40.7
103,69,1,HEATING,34.8,41.0
104,70,1,HEATING,34.9,41.2
105,71,1,HEATING,35.0,40.7
106,72,1,HEATING,35.0,41.5
107,73,1,HEATING,35.0,41.5
109,75,1,HEATING,35.1,41.0
110,76,1,HEATING,35.2,41.5
111,77,1,HEATING,35.3,41.7
112,78,1,HEATING,35.4,41.7
113,79,1,HEATING,35.4,41.5
114,80,1,HEATING,35.5,41.7
115,81,1,HEATING,35.5,42.0
116,82,1,HEATING,35.6,41.5
118,84,1,HEATING,35.8,41.2
119,85,1,HEATING,35.9,42.0
120,86,1,HEATING,36.0,42.2
121,87,1,HEATING,36.1,42.2
122,88,1,HEATING,36.1,42.5
123,89,1,HEATING,36.2,42.7
125,91,1,HEATING,36.3,42.5
126,92,1,HEATING,36.4,42.0
127,93,1,HEATING,36.5,42.5
128,94,1,HEATING,36.5,42.5
129,95,1,HEATING,36.6,43.0
130,96,1,HEATING,36.6,43.0
131,97,1,HEATING,36.8,43.2
132,98,1,HEATING,36.8,43.0
134,100,1,HEATING,37.0,43.0
135,101,1,HEATING,37.0,43.0
136,102,1,HEATING,37.1,43.5
137,103,1,HEATING,37.2,43.0
138,104,1,HEATING,37.2,43.5
139,105,1,HEATING,37.2,43.5
141,107,1,HEATING,37.4,43.7
142,108,1,HEATING,37.4,43.5
143,109,1,HEATING,37.5,43.7
144,110,1,HEATING,37.5,44.0
145,111,1,HEATING,37.6,43.5
146,112,1,HEATING,37.7,44.0
147,113,1,HEATING,37.7,44.0
148,114,1,HEATING,37.8,43.5
150,116,1,HEATING,38.0,44.0
151,117,1,HEATING,38.0,44.2
152,118,1,HEATING,38.1,44.2
153,119,1,HEATING,38.1,44.2
154,120,1,HEATING,38.2,44.0
155,121,1,HEATING,38.2,44.5
157,123,1,HEATING,38.4,44.2
158,124,1,HEATING,38.4,44.2
159,125,1,HEATING,38.5,44.0
160,126,1,HEATING,38.6,44.5
161,127,1,HEATING,38.6,45.0
162,128,1,HEATING,38.7,44.2
163,129,1,HEATING,38.6,44.7
164,130,1,HEATING,38.8,45.0
166,132,1,HEATING,38.9,44.5
167,133,1,HEATING,39.0,45.0
168,134,1,HEATING,39.1,45.0
169,135,1,HEATING,39.1,45.2
170,136,1,HEATING,39.2,45.5
171,137,1,HEATING,39.2,45.5
173,139,1,HEATING,39.3,45.5
174,140,1,HEATING,39.5,45.5
175,141,1,HEATING,39.5,45.2
176,142,1,HEATING,39.5,45.7
177,143,1,HEATING,39.7,45.0
178,144,1,HEATING,39.7,44.7
179,145,1,HEATING,39.8,45.7
180,146,1,HEATING,39.9,45.7
182,148,1,HEATING,40.0,46.0
183,149,1,HEATING,40.0,45.5
184,150,1,HEATING,40.1,46.2
185,151,1,HEATING,40.2,45.5
186,152,1,HEATING,40.2,45.7
187,153,1,HEATING,40.3,46.0
189,155,1,HEATING,40.4,46.2
190,156,1,HEATING,40.5,46.0
191,157,1,HEATING,40.5,46.2
192,158,1,HEATING,40.6,46.2
193,159,1,HEATING,40.5,46.5
194,160,1,HEATING,40.6,46.0
195,161,1,HEATING,40.7,46.5
196,162,1,HEATING,40.7,46.2
198,164,1,HEATING,40.9,46.7
199,165,1,HEATING,41.0,46.7
200,166,1,HEATING,41.0,46.7
201,167,1,HEATING,41.0,46.5
202,168,1,HEATING,41.0,46.5
203,169,1,HEATING,41.1,47.0
205,171,1,HEATING,41.4,47.2
206,172,1,HEATING,41.4,47.0
207,173,1,HEATING,41.5,47.0
208,174,1,HEATING,41.5,47.2
209,175,1,HEATING,41.6,47.5
210,176,1,HEATING,41.6,47.2
211,177,1,HEATING,41.7,47.5
212,178,1,HEATING,41.7,47.5
214,180,1,HEATING,41.9,47.5
215,181,1,HEATING,42.0,47.2
216,182,1,HEATING,42.0,47.7
217,183,1,HEATING,42.0,48.0
218,184,1,HEATING,42.1,47.5
219,185,1,HEATING,42.2,48.0
221,187,1,HEATING,42.2,48.0
222,188,1,HEATING,42.3,47.7
223,189,1,HEATING,42.4,47.7
224,190,1,HEATING,42.4,48.0
225,191,1,HEATING,42.5,48.2
226,192,1,HEATING,42.5,48.2
227,193,1,HEATING,42.6,47.7
228,194,1,HEATING,42.7,48.2
230,196,1,HEATING,42.8,48.2
231,197,1,HEATING,42.8,48.7
232,198,1,HEATING,42.8,48.5
233,199,1,HEATING,43.0,48.5
234,200,1,HEATING,43.2,48.7
235,201,1,HEATING,43.1,48.7
237,203,1,HEATING,43.2,48.5
238,204,1,HEATING,43.2,48.5
239,205,1,HEATING,43.3,48.5
240,206,1,HEATING,43.4,49.0
241,207,1,HEATING,43.4,48.5
242,208,1,HEATING,43.4,49.0
243,209,1,HEATING,43.6,49.0
244,210,1,HEATING,43.6,49.0
246,212,1,HEATING,43.7,49.0
247,213,1,HEATING,43.8,49.0
248,214,1,HEATING,43.8,49.2
249,215,1,HEATING,43.9,49.2
250,216,1,HEATING,43.9,49.2
251,217,1,HEATING,43.9,48.7
253,219,1,HEATING,44.0,49.5
254,220,1,HEATING,44.1,49.5
255,221,1,HEATING,44.2,49.5
256,222,1,HEATING,44.4,49.7
257,223,1,HEATING,44.4,49.5
258,224,1,HEATING,44.5,49.7
259,225,1,HEATING,44.5,49.5
260,226,1,HEATING,44.5,49.7
262,228,1,HEATING,44.7,49.7
263,229,1,HEATING,44.7,49.7
264,230,1,HEATING,44.7,50.0
265,231,1,HEATING,44.8,50.0
266,232,1,HEATING,44.9,50.0
267,233,1,HEATING,44.8,49.7
269,235,1,HEATING,45.0,49.7
270,236,1,HEATING,45.1,50.2
271,237,1,HEATING,45.1,50.5
272,238,1,HEATING,45.1,50.5
273,239,1,HEATING,45.1,50.2
274,240,1,HEATING,45.2,50.2
275,241,1,HEATING,45.3,49.7
276,242,1,HEATING,45.5,50.5
278,244,1,HEATING,45.5,49.7
279,245,1,HEATING,45.5,50.7
280,246,1,HEATING,45.6,50.5
281,247,1,HEATING,45.6,50.5
282,248,1,HEATING,45.7,50.7
283,249,1,HEATING,45.7,50.7
285,251,1,HEATING,45.7,50.7
286,252,1,HEATING,45.8,51.0
287,253,1,HEATING,45.9,50.7
288,254,1,HEATING,45.9,50.7
289,255,1,HEATING,46.0,51.0
290,256,1,HEATING,46.0,51.0
291,257,1,HEATING,46.1,51.0
292,258,1,HEATING,46.1,50.7
294,260,1,HEATING,46.3,50.5
295,261,1,HEATING,46.4,51.0
296,262,1,HEATING,46.5,51.5
297,263,1,HEATING,46.4,51.5
298,264,1,HEATING,46.5,51.5
299,265,1,HEATING,46.6,51.5
301,267,1,HEATING,46.7,51.7
302,268,1,HEATING,46.7,51.7
303,269,1,HEATING,46.8,51.7
304,270,1,HEATING,46.8,51.5
305,271,1,HEATING,46.9,51.7
306,272,1,HEATING,46.9,51.7
307,273,1,HEATING,47.0,51.5
308,274,1,HEATING,47.0,52.0
310,276,1,HEATING,47.1,52.0
311,277,1,HEATING,47.1,52.0
312,278,1,HEATING,47.2,52.0
313,279,1,HEATING,47.3,52.0
314,280,1,HEATING,47.3,52.0
315,281,1,HEATING,47.4,52.0
317,283,1,HEATING,47.4,52.0
318,284,1,HEATING,47.5,52.2
319,285,1,HEATING,47.5,52.5
320,286,1,HEATING,47.6,52.5
321,287,1,HEATING,47.6,52.0
322,288,1,HEATING,47.7,52.7
323,289,1,HEATING,47.7,52.5
324,290,1,HEATING,47.8,52.7
326,292,1,HEATING,47.9,52.7
327,293,1,HEATING,47.9,52.7
328,294,1,HEATING,48.0,52.7
329,295,1,HEATING,48.0,52.7
330,296,1,HEATING,48.0,52.7
331,297,1,HEATING,48.1,53.2
333,299,1,HEATING,48.2,53.2
334,300,1,HEATING,48.3,53.2
335,301,1,HEATING,48.3,53.2
336,302,1,HEATING,48.4,53.2
337,303,1,HEATING,48.4,53.0
338,304,1,HEATING,48.4,53.5
339,305,1,HEATING,48.5,53.0
340,306,1,HEATING,48.5,53.5
342,308,1,HEATING,48.6,53.7
343,309,1,HEATING,48.7,53.7
344,310,1,HEATING,48.8,53.2
345,311,1,HEATING,48.8,53.5
346,312,1,HEATING,48.8,53.7
347,313,1,HEATING,48.9,53.7
349,315,1,HEATING,49.0,53.2
350,316,1,HEATING,49.1,54.0
351,317,1,HEATING,49.1,53.5
352,318,1,HEATING,49.1,53.5
353,319,1,HEATING,49.2,53.7
354,320,1,HEATING,49.2,54.0
355,321,1,HEATING,49.2,53.5
356,322,1,HEATING,49.3,54.0
358,324,1,HEATING,49.4,54.0
359,325,1,HEATING,49.5,54.5
360,326,1,HEATING,49.5,54.2
361,327,1,HEATING,49.5,54.5
362,328,1,HEATING,49.6,54.2
363,329,1,HEATING,49.6,54.2
365,331,1,HEATING,49.7,54.7
366,332,1,HEATING,49.8,54.0
367,333,1,HEATING,49.8,54.5
368,334,1,HEATING,49.9,55.0
369,335,1,HEATING,50.0,54.5
370,336,1,HEATING,50.0,54.7
371,337,1,HEATING,50.1,54.7
372,338,1,HEATING,50.1,54.7
374,340,1,HEATING,50.2,55.0
375,341,1,HEATING,50.2,55.0
376,342,1,HEATING,50.2,54.7
377,343,1,HEATING,50.3,54.5
378,344,1,HEATING,50.4,55.0
379,345,1,HEATING,50.4,55.2
381,347,1,HEATING,50.5,55.2
382,348,1,HEATING,50.6,55.2
383,349,1,HEATING,50.6,54.7
384,350,1,HEATING,50.6,55.0
385,351,1,HEATING,50.7,54.7
386,352,1,HEATING,50.7,55.5
387,353,1,HEATING,50.8,55.5
388,354,1,HEATING,50.8,55.5
390,356,1,HEATING,50.9,55.7
391,357,1,HEATING,50.9,55.5
392,358,1,HEATING,51.0,55.2
393,359,1,HEATING,51.0,55.2
394,360,1,HEATING,51.1,55.7
395,361,1,HEATING,51.1,55.7
397,363,1,HEATING,51.3,55.7
398,364,1,HEATING,51.3,55.2
399,365,1,HEATING,51.3,55.5
400,366,1,HEATING,51.4,55.7
401,367,1,HEATING,51.4,55.5
402,368,1,HEATING,51.4,56.2
403,369,1,HEATING,51.5,56.2
404,370,1,HEATING,51.6,56.2
406,372,1,HEATING,51.6,56.2
407,373,1,HEATING,51.7,56.2
408,374,1,HEATING,51.7,56.2
409,375,1,HEATING,51.8,56.0
410,376,1,HEATING,51.8,56.2
411,377,1,HEATING,51.9,56.0
413,379,1,HEATING,52.0,56.5
414,380,1,HEATING,52.0,56.7
415,381,1,HEATING,52.1,56.5
416,382,1,HEATING,52.1,56.7
417,383,1,HEATING,52.1,56.5
418,384,1,HEATING,52.2,56.5
419,385,1,HEATING,52.2,56.5
420,386,1,HEATING,52.3,56.7
422,388,1,HEATING,52.4,56.5
423,389,1,HEATING,52.3,57.0
424,390,1,HEATING,52.4,56.7
425,391,1,HEATING,52.5,57.0
426,392,1,HEATING,52.5,57.0
427,393,1,HEATING,52.6,57.0
429,395,1,HEATING,52.6,57.0
430,396,1,HEATING,52.6,57.2
431,397,1,HEATING,52.8,57.2
432,398,1,HEATING,52.8,57.2
433,399,1,HEATING,52.8,57.2
434,400,1,HEATING,52.9,57.2
435,401,1,HEATING,53.0,57.0
436,402,1,HEATING,52.9,56.7
438,404,1,HEATING,53.0,57.2
439,405,1,HEATING,53.1,57.5
440,406,1,HEATING,53.1,57.7
441,407,1,HEATING,53.2,57.0
442,408,1,HEATING,53.2,57.5
443,409,1,HEATING,53.2,57.5
445,411,1,HEATING,53.3,57.2
446,412,1,HEATING,53.4,57.5
447,413,1,HEATING,53.5,57.7
448,414,1,HEATING,53.5,57.7
449,415,1,HEATING,53.5,58.0
450,416,1,HEATING,53.5,57.5
451,417,1,HEATING,53.6,57.5
452,418,1,HEATING,53.6,58.0
454,420,1,HEATING,53.7,58.0
455,421,1,HEATING,53.8,57.5
456,422,1,HEATING,53.8,57.7
457,423,1,HEATING,53.8,57.7
458,424,1,HEATING,53.9,58.2
459,425,1,HEATING,54.0,57.7
461,427,1,HEATING,54.1,57.7
462,428,1,HEATING,54.1,58.2
463,429,1,HEATING,54.2,58.2
464,430,1,HEATING,54.2,58.2
465,431,1,HEATING,54.2,58.5
466,432,1,HEATING,54.3,58.2
467,433,1,HEATING,54.3,58.5
468,434,1,HEATING,54.4,58.2
470,436,1,HEATING,54.3,58.7
471,437,1,HEATING,54.4,58.7
472,438,1,HEATING,54.5,58.7
473,439,1,HEATING,54.5,58.7
474,440,1,HEATING,54.6,58.5
475,441,1,HEATING,54.7,58.7
477,443,1,HEATING,54.7,58.5
478,444,1,HEATING,54.8,58.5
479,445,1,HEATING,54.8,58.7
480,446,1,HEATING,54.8,58.7
481,447,1,HEATING,54.9,59.0
482,448,1,HEATING,54.9,59.0
483,449,1,HEATING,54.9,58.7
484,450,1,HEATING,55.0,59.2
486,452,1,HEATING,55.0,58.7
487,453,1,HEATING,55.1,59.0
488,454,1,HEATING,55.1,59.0
489,455,1,HEATING,55.2,59.2
490,456,1,HEATING,55.3,59.0
491,457,1,HEATING,55.3,59.2
493,459,1,HEATING,55.4,59.0
494,460,1,HEATING,55.5,59.2
495,461,1,HEATING,55.5,59.5
496,462,1,HEATING,55.5,59.0
497,463,1,HEATING,55.5,59.7
498,464,1,HEATING,55.6,59.2
499,465,1,HEATING,55.7,59.5
500,466,1,HEATING,55.6,59.2
502,468,1,HEATING,55.7,59.7
503,469,1,HEATING,55.8,60.0
504,470,1,HEATING,55.8,59.5
505,471,1,HEATING,55.9,60.0
506,472,1,HEATING,55.9,59.7
507,473,1,HEATING,55.9,60.0
509,475,1,HEATING,56.0,60.0
510,476,1,HEATING,56.0,60.0
511,477,1,HEATING,56.0,60.0
512,478,1,HEATING,56.1,59.7
513,479,1,HEATING,56.1,60.2
514,480,1,HEATING,56.2,60.0
515,481,1,HEATING,56.2,60.0
516,482,1,HEATING,56.3,60.0
518,484,1,HEATING,56.3,60.2
519,485,1,HEATING,56.4,60.5
520,486,1,HEATING,56.5,60.5
521,487,1,HEATING,56.5,60.0
522,488,1,HEATING,56.5,60.5
523,489,1,HEATING,56.6,60.5
525,491,1,HEATING,56.7,60.7
526,492,1,HEATING,56.7,60.7
527,493,1,HEATING,56.7,60.7
528,494,1,HEATING,56.7,60.7
529,495,1,HEATING,56.7,60.2
530,496,1,HEATING,56.8,60.7
531,497,1,HEATING,56.9,60.7
532,498,1,HEATING,56.9,60.7
534,500,1,HEATING,56.9,60.5
535,501,1,HEATING,57.0,60.7
536,502,1,HEATING,57.0,60.5
537,503,1,HEATING,57.1,60.7
538,504,1,HEATING,57.1,60.7
539,505,1,HEATING,57.2,60.7
541,507,1,HEATING,57.3,61.0
542,508,1,HEATING,57.3,61.0
543,509,1,HEATING,57.4,61.0
544,510,1,HEATING,57.4,61.0
545,511,1,HEATING,57.4,61.0
546,512,1,HEATING,57.4,61.0
547,513,1,HEATING,57.5,61.0
548,514,1,HEATING,57.5,61.2
550,516,1,HEATING,57.6,61.5
551,517,1,HEATING,57.6,61.2
552,518,1,HEATING,57.7,61.5
553,519,1,HEATING,57.7,61.5
554,520,1,HEATING,57.8,61.2
555,521,1,HEATING,57.8,61.0
557,523,1,HEATING,57.8,61.2
558,524,1,HEATING,57.9,61.5
559,525,1,HEATING,57.9,61.5
560,526,1,HEATING,58.0,61.5
561,527,1,HEATING,58.0,61.5
562,528,1,HEATING,58.1,61.7
563,529,1,HEATING,58.1,61.5
564,530,1,HEATING,58.1,61.7
566,532,1,HEATING,58.2,61.5
567,533,1,HEATING,58.2,61.7
568,534,1,HEATING,58.3,62.0
569,535,1,HEATING,58.3,61.7
570,536,1,HEATING,58.4,61.7
571,537,1,HEATING,58.4,62.0
573,539,1,HEATING,58.4,61.7
574,540,1,HEATING,58.5,62.0
575,541,1,HEATING,58.5,62.0
576,542,1,HEATING,58.5,62.2
577,543,1,HEATING,58.5,62.0
578,544,1,HEATING,58.6,62.0
579,545,1,HEATING,58.7,61.7
580,546,1,HEATING,58.6,62.2
582,548,1,HEATING,58.8,61.7
583,549,1,HEATING,58.8,61.7
584,550,1,HEATING,58.8,62.2
585,551,1,HEATING,58.8,62.0
586,552,1,HEATING,58.9,62.0
587,553,1,HEATING,59.0,62.5
589,555,1,HEATING,59.0,62.2
590,556,1,HEATING,59.0,62.2
591,557,1,HEATING,59.1,62.0
592,558,1,HEATING,59.1,62.0
593,559,1,HEATING,59.1,62.0
594,560,1,HEATING,59.1,62.7
595,561,1,HEATING,59.2,62.5
596,562,1,HEATING,59.2,62.7
598,564,1,HEATING,59.3,62.5
599,565,1,HEATING,59.3,62.7
600,566,1,HEATING,59.4,62.5
601,567,1,HEATING,59.5,62.5
602,568,1,HEATING,59.5,62.7
603,569,1,HEATING,59.5,62.7
605,571,1,HEATING,59.6,62.7
606,572,1,HEATING,59.6,62.5
607,573,1,HEATING,59.6,62.7
608,574,1,HEATING,59.7,62.5
609,575,1,HEATING,59.7,63.0
610,576,1,HEATING,59.8,63.0
611,577,1,HEATING,59.8,63.0
612,578,1,HEATING,59.8,63.0
614,580,1,HEATING,59.9,63.0
615,581,1,HEATING,60.0,63.2
616,582,1,HEATING,60.0,62.7
617,583,1,HEATING,60.0,63.2
618,584,1,HEATING,60.1,63.2
619,585,1,HEATING,60.0,63.0
621,587,1,HEATING,60.2,63.2
622,588,1,HEATING,60.2,63.2
623,589,1,HEATING,60.2,63.2
624,590,1,HEATING,60.2,63.5
625,591,1,HEATING,60.3,63.5
626,592,1,HEATING,60.3,63.0
627,593,1,HEATING,60.4,63.2
628,594,1,HEATING,60.4,63.5
630,596,1,HEATING,60.4,63.2
631,597,1,HEATING,60.5,63.5
632,598,1,HEATING,60.5,63.5
633,599,1,HEATING,60.5,63.7
634,0,1,COOLING,60.6,63.5
636,2,1,COOLING,60.1,61.5
637,3,1,COOLING,60.0,61.2
638,4,1,COOLING,60.0,60.7
639,5,1,COOLING,60.0,60.5
640,6,1,COOLING,59.8,60.5
641,7,1,COOLING,59.7,60.0
642,8,1,COOLING,59.6,60.0
643,9,1,COOLING,59.6,60.0
644,10,1,COOLING,59.5,59.5
646,12,1,COOLING,59.3,59.2
647,13,1,COOLING,59.2,59.2
648,14,1,COOLING,59.1,59.0
649,15,1,COOLING,59.0,58.7
650,16,1,COOLING,59.0,59.0
651,17,1,COOLING,58.7,58.2
653,19,1,COOLING,58.6,58.2
654,20,1,COOLING,58.6,58.5
655,21,1,COOLING,58.4,57.7
656,22,1,COOLING,57.4,55.7
657,23,1,COOLING,57.1,54.2
658,24,1,COOLING,57.6,54.0
659,25,1,COOLING,57.9,53.5
660,26,1,COOLING,57.5,53.0
662,28,1,COOLING,57.0,52.7
663,29,1,COOLING,57.2,53.2
664,30,1,COOLING,56.7,52.7
665,31,1,COOLING,56.7,52.5
666,32,1,COOLING,56.5,52.2
667,33,1,COOLING,56.4,52.5
669,35,1,COOLING,56.0,51.7
670,36,1,COOLING,55.8,51.7
671,37,1,COOLING,56.0,51.5
672,38,1,COOLING,55.8,51.5
673,39,1,COOLING,55.6,51.7
674,40,1,COOLING,55.5,51.7
675,41,1,COOLING,55.4,51.0
676,42,1,COOLING,55.5,50.5
678,44,1,COOLING,55.2,50.2
679,45,1,COOLING,55.0,50.7
680,46,1,COOLING,55.3,50.5
681,47,1,COOLING,54.8,50.0
682,48,1,COOLING,54.7,50.5
683,49,1,COOLING,54.4,50.0
685,51,1,COOLING,54.5,49.7
686,52,1,COOLING,54.3,49.7
687,53,1,COOLING,54.3,50.0
688,54,1,COOLING,54.0,49.2
689,55,1,COOLING,53.9,48.5
690,56,1,COOLING,53.9,49.0
691,57,1,COOLING,53.8,49.0
692,58,1,COOLING,53.8,49.0
694,60,1,COOLING,53.6,49.0
695,61,1,COOLING,53.9,48.7
696,62,1,COOLING,53.4,48.0
697,63,1,COOLING,53.3,48.5
698,64,1,COOLING,53.2,48.0
699,65,1,COOLING,52.9,48.2
701,67,1,COOLING,53.0,47.7
702,68,1,COOLING,52.8,48.2
703,69,1,COOLING,52.6,48.0
704,70,1,COOLING,52.7,47.7
705,71,1,COOLING,52.7,47.2
706,72,1,COOLING,52.5,47.2
707,73,1,COOLING,52.5,47.2
708,74,1,COOLING,52.4,47.5
710,76,1,COOLING,52.4,47.5
711,77,1,COOLING,52.1,47.2
712,78,1,COOLING,51.9,47.0
713,79,1,COOLING,52.4,47.2
714,80,1,COOLING,52.3,47.2
715,81,1,COOLING,51.9,46.7
717,83,1,COOLING,51.8,46.7
718,84,1,COOLING,51.6,46.5
719,85,1,COOLING,51.5,46.2
720,86,1,COOLING,51.6,46.7
721,87,1,COOLING,51.4,46.7
722,88,1,COOLING,51.6,46.2
723,89,1,COOLING,51.3,46.2
724,90,1,COOLING,51.4,46.2
726,92,1,COOLING,51.0,45.7
727,93,1,COOLING,51.2,45.7
728,94,1,COOLING,51.4,46.0
729,95,1,COOLING,51.0,46.2
730,96,1,COOLING,51.1,46.0
731,97,1,COOLING,50.8,46.0
733,99,1,COOLING,50.7,46.0
734,100,1,COOLING,50.9,45.5
735,101,1,COOLING,50.6,45.2
736,102,1,COOLING,50.6,45.5
737,103,1,COOLING,50.6,45.5
738,104,1,COOLING,50.4,45.0
739,105,1,COOLING,50.6,45.2
740,106,1,COOLING,50.1,45.2
742,108,1,COOLING,50.2,45.2
743,109,1,COOLING,50.0,45.2
744,110,1,COOLING,50.1,44.7
745,111,1,COOLING,50.0,45.2
746,112,1,COOLING,50.1,44.7
747,113,1,COOLING,50.0,44.7
749,115,1,COOLING,49.7,44.7
750,116,1,COOLING,49.9,44.7
751,117,1,COOLING,49.9,44.5
752,118,1,COOLING,49.7,44.7
753,119,1,COOLING,49.9,44.5
754,120,1,COOLING,49.7,44.5
755,121,1,COOLING,49.5,44.7
756,122,1,COOLING,49.3,44.5
758,124,1,COOLING,49.1,44.2
759,125,1,COOLING,49.2,44.0
760,126,1,COOLING,49.2,43.7
761,127,1,COOLING,49.4,44.0
762,128,1,COOLING,49.2,44.5
763,129,1,COOLING,49.2,43.7
765,131,1,COOLING,49.0,44.0
766,132,1,COOLING,48.9,43.7
767,133,1,COOLING,48.9,43.7
768,134,1,COOLING,49.0,44.0
769,135,1,COOLING,48.9,43.7
770,136,1,COOLING,48.7,43.2
771,137,1,COOLING,48.6,43.5
772,138,1,COOLING,48.5,43.7
774,140,1,COOLING,48.6,43.5
775,141,1,COOLING,48.4,43.7
776,142,1,COOLING,48.2,43.7
777,143,1,COOLING,48.4,42.7
778,144,1,COOLING,48.1,43.2
779,145,1,COOLING,48.4,43.0
781,147,1,COOLING,48.0,43.2
782,148,1,COOLING,48.0,43.2
783,149,1,COOLING,48.2,43.0
784,150,1,COOLING,48.0,43.0
785,151,1,COOLING,48.1,43.0
786,152,1,COOLING,48.0,42.7
787,153,1,COOLING,47.9,42.7
788,154,1,COOLING,47.6,43.0
790,156,1,COOLING,48.5,44.2
791,157,1,COOLING,48.5,45.0
792,158,1,COOLING,48.5,45.5
793,159,1,COOLING,48.5,45.7
794,160,1,COOLING,48.4,45.5
795,161,1,COOLING,48.4,45.5
797,163,1,COOLING,48.4,45.5
798,164,1,COOLING,48.4,45.5
799,165,1,COOLING,48.5,45.7
800,166,1,COOLING,48.4,46.0
801,167,1,COOLING,48.4,45.7
802,168,1,COOLING,48.3,45.7
803,169,1,COOLING,48.3,45.2
804,170,1,COOLING,48.2,45.7
806,172,1,COOLING,48.1,45.7
807,173,1,COOLING,48.0,45.7
808,174,1,COOLING,48.0,45.7
809,175,1,COOLING,48.0,46.0
810,176,1,COOLING,48.1,45.5
811,177,1,COOLING,48.0,45.5
813,179,1,COOLING,48.0,45.5
814,180,1,COOLING,47.3,44.0
815,181,1,COOLING,47.0,42.7
816,182,1,COOLING,47.2,42.5
817,183,1,COOLING,47.1,42.5
818,184,1,COOLING,47.0,42.2
819,185,1,COOLING,46.9,42.0
820,186,1,COOLING,47.0,42.0
822,188,1,COOLING,46.6,42.2
823,189,1,COOLING,46.6,42.0
824,190,1,COOLING,46.4,41.7
825,191,1,COOLING,46.6,42.2
826,192,1,COOLING,46.5,41.7
827,193,1,COOLING,46.6,41.5
829,195,1,COOLING,46.5,41.5
830,196,1,COOLING,46.4,41.7
831,197,1,COOLING,46.3,41.2
832,198,1,COOLING,46.2,41.2
833,199,1,COOLING,46.3,41.5
834,200,1,COOLING,46.2,41.0
835,201,1,COOLING,46.2,41.7
836,202,1,COOLING,46.2,41.0
838,204,1,COOLING,46.1,42.0
839,205,1,COOLING,46.0,41.7
840,206,1,COOLING,46.1,41.5
841,207,1,COOLING,46.0,41.2
842,208,1,COOLING,46.0,41.5
843,209,1,COOLING,46.0,41.2
845,211,1,COOLING,46.0,41.0
846,212,1,COOLING,45.8,41.0
847,213,1,COOLING,45.8,41.0
848,214,1,COOLING,45.9,41.0
849,215,1,COOLING,45.7,40.5
850,216,1,COOLING,45.5,41.0
851,217,1,COOLING,45.7,41.0
852,218,1,COOLING,45.7,41.0
854,220,1,COOLING,45.5,40.7
855,221,1,COOLING,45.4,40.7
856,222,1,COOLING,45.3,40.5
857,223,1,COOLING,45.3,40.2
858,224,1,COOLING,45.3,40.7
859,225,1,COOLING,45.4,40.2
861,227,1,COOLING,45.3,40.7
862,228,1,COOLING,45.1,40.5
863,229,1,COOLING,45.2,41.0
864,230,1,COOLING,45.1,40.5
865,231,1,COOLING,45.1,40.5
866,232,1,COOLING,45.1,40.5
867,233,1,COOLING,44.9,40.7
868,234,1,COOLING,45.2,41.0
870,236,1,COOLING,44.9,40.5
871,237,1,COOLING,45.0,40.2
872,238,1,COOLING,44.9,40.7
873,239,1,COOLING,44.7,39.7
874,240,1,COOLING,44.8,40.5
875,241,1,COOLING,44.8,40.5
877,243,1,COOLING,44.6,40.0
878,244,1,COOLING,44.7,40.2
879,245,1,COOLING,44.6,39.7
880,246,1,COOLING,44.6,40.5
881,247,1,COOLING,44.5,40.2
882,248,1,COOLING,44.6,40.0
883,249,1,COOLING,44.3,40.0
884,250,1,COOLING,44.4,40.5
886,252,1,COOLING,44.4,40.0
887,253,1,COOLING,44.8,40.2
888,254,1,COOLING,44.8,41.0
889,255,1,COOLING,44.9,42.2
890,256,1,COOLING,45.0,41.5
891,257,1,COOLING,45.0,42.2
893,259,1,COOLING,44.9,42.2
894,260,1,COOLING,44.9,42.5
895,261,1,COOLING,44.9,42.5
896,262,1,COOLING,44.9,42.2
897,263,1,COOLING,44.8,42.5
898,264,1,COOLING,44.9,42.7
899,265,1,COOLING,44.7,42.2
900,266,1,COOLING,44.7,42.5
902,268,1,COOLING,44.7,42.5
903,269,1,COOLING,44.7,42.2
904,270,1,COOLING,44.1,40.7
905,271,1,COOLING,44.0,39.7
906,272,1,COOLING,43.9,39.5
907,273,1,COOLING,43.7,39.5
909,275,1,COOLING,43.9,39.5
910,276,1,COOLING,43.6,39.5
911,277,1,COOLING,43.5,39.2
912,278,1,COOLING,43.7,39.5
913,279,1,COOLING,43.4,38.5
914,280,1,COOLING,43.5,38.7
915,281,1,COOLING,43.4,39.5
916,282,1,COOLING,43.5,39.2
918,284,1,COOLING,43.6,39.2
919,285,1,COOLING,43.7,39.2
920,286,1,COOLING,43.4,38.7
921,287,1,COOLING,43.2,39.0
922,288,1,COOLING,43.2,39.2
923,289,1,COOLING,43.4,39.0
925,291,1,COOLING,43.1,39.0
926,292,1,COOLING,43.3,38.7
927,293,1,COOLING,43.2,38.2
928,294,1,COOLING,43.1,39.2
929,295,1,COOLING,43.1,39.0
930,296,1,COOLING,43.0,39.2
931,297,1,COOLING,43.0,38.7
932,298,1,COOLING,43.0,38.7
934,300,1,COOLING,43.1,39.0
935,301,1,COOLING,42.7,39.0
936,302,1,COOLING,42.8,38.7
937,303,1,COOLING,43.0,38.7
938,304,1,COOLING,43.0,38.2
939,305,1,COOLING,42.8,38.7
941,307,1,COOLING,42.8,38.7
942,308,1,COOLING,42.6,38.7
943,309,1,COOLING,42.7,38.7
944,310,1,COOLING,42.6,38.5
945,311,1,COOLING,42.5,38.5
946,312,1,COOLING,42.5,38.7
947,313,1,COOLING,42.4,38.5
948,314,1,COOLING,42.5,38.7
950,316,1,COOLING,42.4,38.2
951,317,1,COOLING,42.4,38.7
952,318,1,COOLING,42.2,38.2
953,319,1,COOLING,42.4,38.7
954,320,1,COOLING,42.2,38.7
955,321,1,COOLING,42.8,39.2
957,323,1,COOLING,42.7,40.0
958,324,1,COOLING,42.8,40.5
959,325,1,COOLING,42.8,40.2
960,326,1,COOLING,42.8,40.7
961,327,1,COOLING,42.8,40.5
962,328,1,COOLING,42.6,40.7
963,329,1,COOLING,42.7,41.0
964,330,1,COOLING,42.8,40.5
966,332,1,COOLING,42.1,39.0
967,333,1,COOLING,42.0,38.7
968,334,1,COOLING,42.1,38.5
969,335,1,COOLING,42.2,38.7
970,336,1,COOLING,42.3,38.5
971,337,1,COOLING,42.2,38.7
973,339,1,COOLING,41.9,38.2
974,340,1,COOLING,42.0,38.2
975,341,1,COOLING,42.0,38.5
976,342,1,COOLING,41.6,38.0
977,343,1,COOLING,41.9,37.7
978,344,1,COOLING,41.6,37.5
979,345,1,COOLING,41.7,37.7
980,346,1,COOLING,41.7,38.2
982,348,1,COOLING,41.5,37.5
983,349,1,COOLING,41.6,37.7
984,350,1,COOLING,41.5,38.0
985,351,1,COOLING,41.6,38.0
986,352,1,COOLING,41.5,38.0
987,353,1,COOLING,41.5,37.7
989,355,1,COOLING,41.3,37.5
990,356,1,COOLING,41.5,37.7
991,357,1,COOLING,41.6,38.0
992,358,1,COOLING,41.2,38.0
993,359,1,COOLING,41.3,37.7
994,360,1,COOLING,41.3,37.5
995,361,1,COOLING,41.3,37.2
996,362,1,COOLING,41.3,37.7
998,364,1,COOLING,41.2,37.7
999,365,1,COOLING,41.3,38.0
1000,366,1,COOLING,41.4,37.7
1001,367,1,COOLING,41.2,38.0
1002,368,1,COOLING,41.2,37.7
1003,369,1,COOLING,41.0,37.2
1005,371,1,COOLING,41.0,37.0
1006,372,1,COOLING,41.1,37.0
1007,373,1,COOLING,41.0,37.7
1008,374,1,COOLING,41.5,38.5
1009,375,1,COOLING,41.5,38.5
1010,376,1,COOLING,41.4,39.0
1011,377,1,COOLING,41.4,39.5
1012,378,1,COOLING,41.4,39.7
1014,380,1,COOLING,41.0,38.5
1015,381,1,COOLING,41.0,37.5
1016,382,1,COOLING,40.9,37.5
1017,383,1,COOLING,40.9,37.5
1018,384,1,COOLING,40.8,37.0
1019,385,1,COOLING,40.7,37.2
1021,387,1,COOLING,40.6,37.2
1022,388,1,COOLING,40.6,37.5
1023,389,1,COOLING,40.6,37.0
1024,390,1,COOLING,40.6,37.2
1025,391,1,COOLING,40.4,37.0
1026,392,1,COOLING,40.4,37.0
1027,393,1,COOLING,40.5,37.0
1028,394,1,COOLING,40.6,37.0
1030,396,1,COOLING,40.4,37.2
1031,397,1,COOLING,40.5,37.0
1032,398,1,COOLING,40.5,37.0
1033,399,1,COOLING,40.4,37.2
1034,400,1,COOLING,40.3,37.2
1035,401,1,COOLING,40.3,36.7
1037,403,1,COOLING,40.5,37.2
1038,404,1,COOLING,40.3,37.0
1039,405,1,COOLING,40.4,37.0
1040,406,1,COOLING,40.7,38.2
1041,407,1,COOLING,40.6,38.2
1042,408,1,COOLING,40.6,38.2
1043,409,1,COOLING,40.6,38.5
1044,410,1,COOLING,40.6,39.0
1046,412,1,COOLING,40.6,39.0
1047,413,1,COOLING,40.6,39.0
1048,414,1,COOLING,40.6,38.7
1049,415,1,COOLING,40.6,39.0
1050,416,1,COOLING,40.7,39.0
1051,417,1,COOLING,40.6,38.7
1053,419,1,COOLING,40.6,38.7
1054,420,1,COOLING,40.5,39.0
1055,421,1,COOLING,40.5,38.5
1056,422,1,COOLING,40.5,38.7
1057,423,1,COOLING,40.6,38.7
1058,424,1,COOLING,40.5,39.0
1059,425,1,COOLING,40.4,39.0
1060,426,1,COOLING,40.3,38.5
1062,428,1,COOLING,40.4,39.2
1063,429,1,COOLING,40.4,39.0
1064,430,1,COOLING,40.4,39.0
1065,431,1,COOLING,40.2,39.0
1066,432,1,COOLING,40.2,39.2
1067,433,1,COOLING,40.2,38.5
1069,435,1,COOLING,40.1,38.7
1070,436,1,COOLING,40.1,38.5
1071,437,1,COOLING,40.0,38.7
1072,438,1,COOLING,40.1,38.7
1073,439,1,COOLING,40.1,38.7
1074,440,1,COOLING,40.1,38.7
1075,441,1,COOLING,40.1,38.7
1076,442,1,COOLING,40.0,39.0
1078,444,1,COOLING,40.0,38.5
1079,445,1,COOLING,40.1,38.5
1080,446,1,COOLING,40.0,38.5
1081,447,1,COOLING,40.1,38.7
1082,448,1,COOLING,40.1,38.2
1083,449,1,COOLING,40.1,38.7
1085,451,1,COOLING,39.9,38.7
1086,452,1,COOLING,39.9,38.7
1087,453,1,COOLING,40.0,38.2
1088,454,1,COOLING,40.0,38.5
1089,455,1,COOLING,40.0,38.5
1090,456,1,COOLING,40.0,38.7
1091,457,1,COOLING,39.5,37.2
1092,458,1,COOLING,39.4,36.2
1094,460,1,COOLING,39.6,36.0
1095,461,1,COOLING,39.3,35.7
1096,462,1,COOLING,39.4,36.0
1097,463,1,COOLING,39.4,36.0
1098,464,1,COOLING,39.3,36.5
1099,465,1,COOLING,39.1,35.7
1101,467,1,COOLING,39.4,36.0
1102,468,1,COOLING,39.3,35.7
1103,469,1,COOLING,39.2,36.0
1104,470,1,COOLING,39.1,36.2
1105,471,1,COOLING,39.1,35.7
1106,472,1,COOLING,39.0,36.0
1107,473,1,COOLING,39.0,36.0
1108,474,1,COOLING,39.0,35.7
1110,476,1,COOLING,39.2,36.0
1111,477,1,COOLING,39.0,36.2
1112,478,1,COOLING,38.9,36.0
1113,479,1,COOLING,38.8,35.7
1114,480,1,COOLING,38.8,35.7
1115,481,1,COOLING,38.8,35.2
1117,483,1,COOLING,38.8,35.7
1118,484,1,COOLING,38.8,35.5
1119,485,1,COOLING,38.9,35.7
1120,486,1,COOLING,38.8,36.0
1121,487,1,COOLING,38.9,35.5
1122,488,1,COOLING,38.8,35.5
1123,489,1,COOLING,38.8,35.5
1124,490,1,COOLING,38.4,35.5
1126,492,1,COOLING,38.6,35.7
1127,493,1,COOLING,38.6,35.5
1128,494,1,COOLING,38.5,35.2
1129,495,1,COOLING,38.6,35.7
1130,496,1,COOLING,39.0,36.2
1131,497,1,COOLING,39.1,36.5
1133,499,1,COOLING,39.0,37.0
1134,500,1,COOLING,39.1,37.5
1135,501,1,COOLING,39.0,37.5
1136,502,1,COOLING,39.1,37.7
1137,503,1,COOLING,39.1,37.5
1138,504,1,COOLING,39.1,37.5
1139,505,1,COOLING,38.5,36.5
1140,506,1,COOLING,38.5,36.2
1142,508,1,COOLING,38.5,35.2
1143,509,1,COOLING,38.5,34.7
1144,510,1,COOLING,38.4,35.5
1145,511,1,COOLING,38.2,35.0
1146,512,1,COOLING,38.3,35.2
1147,513,1,COOLING,38.3,35.7
1149,515,1,COOLING,38.3,35.2
1150,516,1,COOLING,38.3,35.5
1151,517,1,COOLING,38.2,35.7
1152,518,1,COOLING,38.2,35.0
1153,519,1,COOLING,38.3,35.7
1154,520,1,COOLING,38.2,35.5
1155,521,1,COOLING,38.1,35.5
1156,522,1,COOLING,38.3,35.0
1158,524,1,COOLING,38.3,35.5
1159,525,1,COOLING,38.0,35.2
1160,526,1,COOLING,38.0,35.0
1161,527,1,COOLING,37.9,35.0
1162,528,1,COOLING,37.9,35.0
1163,529,1,COOLING,38.0,35.5
1165,531,1,COOLING,38.0,35.2
1166,532,1,COOLING,37.9,35.5
1167,533,1,COOLING,37.8,35.5
1168,534,1,COOLING,37.8,35.2
1169,535,1,COOLING,38.0,35.5
1170,536,1,COOLING,37.9,35.2
1171,537,1,COOLING,37.9,35.0
1172,538,1,COOLING,37.8,35.0
1174,540,1,COOLING,37.9,35.5
1175,541,1,COOLING,37.8,35.5
1176,542,1,COOLING,37.7,35.2
1177,543,1,COOLING,37.6,34.5
1178,544,1,COOLING,37.8,35.0
1179,545,1,COOLING,37.7,35.2
1181,547,1,COOLING,37.6,35.0
1182,548,1,COOLING,37.6,34.7
1183,549,1,COOLING,37.7,35.0
1184,550,1,COOLING,37.6,35.2
1185,551,1,COOLING,38.0,35.2
1186,552,1,COOLING,38.0,36.5
1187,553,1,COOLING,37.9,36.0
1188,554,1,COOLING,37.9,36.2
1190,556,1,COOLING,37.9,36.5
1191,557,1,COOLING,37.9,36.7
1192,558,1,COOLING,37.9,37.0
1193,559,1,COOLING,37.7,36.7
1194,560,1,COOLING,37.7,37.0
1195,561,1,COOLING,37.8,36.7
1197,563,1,COOLING,37.9,37.0
1198,564,1,COOLING,38.0,36.5
1199,565,1,COOLING,37.9,36.7
1200,566,1,COOLING,38.0,36.7
1201,567,1,COOLING,37.9,37.0
1202,568,1,COOLING,37.8,36.7
1203,569,1,COOLING,37.9,36.7
1204,570,1,COOLING,37.9,36.7
1206,572,1,COOLING,37.8,37.2
1207,573,1,COOLING,37.7,36.5
1208,574,1,COOLING,37.7,36.5
1209,575,1,COOLING,37.7,37.0
1210,576,1,COOLING,37.7,37.0
1211,577,1,COOLING,37.6,36.5
1213,579,1,COOLING,37.7,36.7
1214,580,1,COOLING,37.7,36.7
1215,581,1,COOLING,37.6,36.5
1216,582,1,COOLING,37.7,36.7
1217,583,1,COOLING,37.6,37.0
1218,584,1,COOLING,37.6,36.5
1219,585,1,COOLING,37.7,37.0
1220,586,1,COOLING,37.6,36.7
1222,588,1,COOLING,37.6,36.5
1223,589,1,COOLING,37.5,36.2
1224,590,1,COOLING,37.6,36.5
1225,591,1,COOLING,37.6,36.2
1226,592,1,COOLING,37.5,36.7
1227,593,1,COOLING,37.6,36.7
1229,595,1,COOLING,37.5,36.0
1230,596,1,COOLING,37.5,36.7
1231,597,1,COOLING,37.5,36.5
1232,598,1,COOLING,37.4,36.5
1233,599,1,COOLING,37.4,36.5
1234,600,1,COOLING,37.4,36.2
1235,601,1,COOLING,37.5,36.5
1236,602,1,COOLING,37.4,36.7
1238,604,1,COOLING,37.3,36.5
1239,605,1,COOLING,37.3,36.5
1240,606,1,COOLING,37.2,36.5
1241,607,1,COOLING,37.3,36.5
1242,608,1,COOLING,37.4,36.5
1243,609,1,COOLING,37.4,36.7
1245,611,1,COOLING,36.9,36.2
1246,612,1,COOLING,36.8,34.7
1247,613,1,COOLING,36.9,34.7
1248,614,1,COOLING,36.8,34.5
1249,615,1,COOLING,36.9,34.5
1250,616,1,COOLING,36.9,34.0
1251,617,1,COOLING,36.8,34.0
1252,618,1,COOLING,36.9,34.7
1254,620,1,COOLING,36.8,34.2
1255,621,1,COOLING,36.6,34.2
1256,622,1,COOLING,36.7,34.2
1257,623,1,COOLING,36.8,33.7
1258,624,1,COOLING,36.5,34.2
1259,625,1,COOLING,36.7,34.7
1261,627,1,COOLING,36.6,34.2
1262,628,1,COOLING,36.5,34.5
1263,629,1,COOLING,36.5,34.0
1264,630,1,COOLING,36.7,34.2
1265,631,1,COOLING,36.9,34.5
1266,632,1,COOLING,36.9,35.5
1267,633,1,COOLING,36.9,35.2
1268,634,1,COOLING,36.9,36.0
1270,636,1,COOLING,36.9,35.5
1271,637,1,COOLING,36.9,35.7
1272,638,1,COOLING,37.0,35.7
1273,639,1,COOLING,36.9,35.7
1274,640,1,COOLING,36.9,36.2
1275,641,1,COOLING,36.9,36.0
1277,643,1,COOLING,37.0,35.7
1278,644,1,COOLING,37.0,36.0
1279,645,1,COOLING,36.9,35.7
1280,646,1,COOLING,37.0,36.0
1281,647,1,COOLING,36.9,36.2
1282,648,1,COOLING,36.9,35.5
1283,649,1,COOLING,36.9,35.7
1284,650,1,COOLING,36.9,35.5
1286,652,1,COOLING,36.9,35.7
1287,653,1,COOLING,36.8,35.7
1288,654,1,COOLING,36.7,35.5
1289,655,1,COOLING,36.8,36.0
1290,656,1,COOLING,36.9,36.0
1291,657,1,COOLING,36.8,36.0
1293,659,1,COOLING,36.7,36.0
1294,660,1,COOLING,36.7,35.7
1295,661,1,COOLING,36.7,35.7
1296,662,1,COOLING,36.6,35.5
1297,663,1,COOLING,36.6,35.7
1298,664,1,COOLING,36.5,35.7
1299,665,1,COOLING,36.6,35.5
1300,666,1,COOLING,36.6,35.7
1302,668,1,COOLING,36.6,35.7
1303,669,1,COOLING,36.5,35.7
1304,670,1,COOLING,36.5,35.7
1305,671,1,COOLING,36.5,35.7
1306,672,1,COOLING,36.5,35.2
1307,673,1,COOLING,36.5,36.0
1309,675,1,COOLING,36.5,36.0
1310,676,1,COOLING,36.5,35.5
1311,677,1,COOLING,36.5,35.7
1312,678,1,COOLING,36.5,35.7
1313,679,1,COOLING,36.6,36.0
1314,680,1,COOLING,36.5,35.5
1315,681,1,COOLING,36.5,36.0
1316,682,1,COOLING,36.6,36.0
1318,684,1,COOLING,36.5,36.0
1319,685,1,COOLING,36.5,36.0
1320,686,1,COOLING,36.4,35.5
1321,687,1,COOLING,36.4,35.7
1322,688,1,COOLING,36.3,35.7
1323,689,1,COOLING,36.4,35.5
1325,691,1,COOLING,36.4,36.0
1326,692,1,COOLING,36.4,36.0
1327,693,1,COOLING,36.4,35.5
1328,694,1,COOLING,36.3,35.2
1329,695,1,COOLING,36.4,35.5
1330,696,1,COOLING,36.3,35.2
1331,697,1,COOLING,36.3,35.0
1332,698,1,COOLING,36.3,35.0
1334,700,1,COOLING,36.4,35.7
1335,701,1,COOLING,36.3,35.2
1336,702,1,COOLING,36.4,35.0
1337,703,1,COOLING,36.3,35.2
1338,704,1,COOLING,36.3,35.7
1339,705,1,COOLING,36.2,35.7
1341,707,1,COOLING,36.3,35.2
1342,708,1,COOLING,36.3,35.5
1343,709,1,COOLING,36.2,35.7
1344,710,1,COOLING,36.2,35.7
1345,711,1,COOLING,36.2,35.2
1346,712,1,COOLING,36.1,35.7
1347,713,1,COOLING,36.2,35.7
1348,714,1,COOLING,36.1,35.7
1350,716,1,COOLING,36.1,35.5
1351,717,1,COOLING,36.1,35.5
1352,718,1,COOLING,36.1,35.0
1353,719,1,COOLING,36.1,35.5
1354,720,1,COOLING,36.1,35.5
1355,721,1,COOLING,36.1,35.5
1357,723,1,COOLING,35.5,34.0
1358,724,1,COOLING,35.6,33.7
1359,725,1,COOLING,36.0,34.5
1360,726,1,COOLING,35.9,34.5
1361,727,1,COOLING,35.9,34.7
1362,728,1,COOLING,35.9,35.0
1363,729,1,COOLING,35.9,35.0
1364,730,1,COOLING,35.9,35.2
1366,732,1,COOLING,35.8,34.7
1367,733,1,COOLING,35.8,35.0
1368,734,1,COOLING,35.7,34.7
1369,735,1,COOLING,35.8,35.0
1370,736,1,COOLING,35.7,34.5
1371,737,1,COOLING,35.7,34.2
1373,739,1,COOLING,35.8,35.2
1374,740,1,COOLING,35.8,35.2
1375,741,1,COOLING,36.0,35.0
1376,742,1,COOLING,35.9,35.2
1377,743,1,COOLING,36.0,35.2
1378,744,1,COOLING,36.0,34.7
1379,745,1,COOLING,36.0,35.5
1380,746,1,COOLING,35.9,34.7
1382,748,1,COOLING,35.9,35.2
1383,749,1,COOLING,35.9,35.0
1384,750,1,COOLING,35.9,35.0
1385,751,1,COOLING,35.9,35.2
1386,752,1,COOLING,35.8,35.5
1387,753,1,COOLING,35.8,35.0
1389,755,1,COOLING,35.7,34.7
1390,756,1,COOLING,35.7,34.7
1391,757,1,COOLING,35.8,35.0
1392,758,1,COOLING,35.7,35.0
1393,759,1,COOLING,35.7,35.0
1394,760,1,COOLING,35.7,35.0
1395,761,1,COOLING,35.8,34.5
1396,762,1,COOLING,35.7,35.2
1398,764,1,COOLING,35.6,35.0
1399,765,1,COOLING,35.7,34.7
1400,766,1,COOLING,35.7,35.0
1401,767,1,COOLING,35.7,35.2
1402,768,1,COOLING,35.6,34.7
1403,769,1,COOLING,35.6,35.0
1405,771,1,COOLING,35.6,34.5
1406,772,1,COOLING,35.5,35.0
1407,773,1,COOLING,35.6,35.0
1408,774,1,COOLING,35.6,35.0
1409,775,1,COOLING,35.5,34.7
1410,776,1,COOLING,35.5,35.0
1411,777,1,COOLING,35.5,35.2
1412,778,1,COOLING,35.5,34.7
1414,780,1,COOLING,35.5,34.7
1415,781,1,COOLING,35.5,34.2
1416,782,1,COOLING,35.5,34.5
1417,783,1,COOLING,35.5,35.0
1418,784,1,COOLING,35.5,34.7
1419,785,1,COOLING,35.5,34.7
1421,787,1,COOLING,35.4,34.7
1422,788,1,COOLING,35.5,35.0
1423,789,1,COOLING,35.5,35.2
1424,790,1,COOLING,35.4,34.5
1425,791,1,COOLING,35.4,34.7
1426,792,1,COOLING,35.5,35.2
1427,793,1,COOLING,35.4,34.7
1428,794,1,COOLING,35.5,34.7
1430,796,1,COOLING,35.5,34.7
1431,797,1,COOLING,35.4,34.5
1432,798,1,COOLING,35.4,35.0
1433,799,1,COOLING,35.4,34.2
1434,800,1,COOLING,35.4,34.7
1435,801,1,COOLING,35.4,34.2
1437,803,1,COOLING,35.4,34.7
1438,804,1,COOLING,35.4,35.0
1439,805,1,COOLING,35.4,34.7
1440,806,1,COOLING,35.4,34.7
1441,807,1,COOLING,35.3,34.5
1442,808,1,COOLING,35.3,34.5
1443,809,1,COOLING,35.3,34.7
1444,810,1,COOLING,35.3,34.5
1446,812,1,COOLING,35.3,34.2
1447,813,1,COOLING,35.3,34.5
1448,814,1,COOLING,35.3,34.5
1449,815,1,COOLING,35.3,34.7
1450,816,1,COOLING,35.3,34.0
1451,817,1,COOLING,35.2,35.0
1453,819,1,COOLING,35.2,34.0
1454,820,1,COOLING,35.3,34.2
1455,821,1,COOLING,35.2,34.5
1456,822,1,COOLING,35.2,34.5
1457,823,1,COOLING,35.1,34.7
1458,824,1,COOLING,35.2,34.5
1459,825,1,COOLING,35.1,34.5
1460,826,1,COOLING,35.2,34.5
1462,828,1,COOLING,35.1,34.2
1463,829,1,COOLING,35.2,34.2
1464,830,1,COOLING,35.2,34.7
1465,831,1,COOLING,35.2,34.7
1466,832,1,COOLING,35.2,34.5
1467,833,1,COOLING,35.2,34.7
1469,835,1,COOLING,35.1,34.5
1470,836,1,COOLING,35.1,34.5
1471,837,1,COOLING,35.1,34.5
1472,838,1,COOLING,35.1,34.2
1473,839,1,COOLING,35.1,34.2
1474,840,1,COOLING,35.1,35.0
1475,841,1,COOLING,35.1,34.5
1476,842,1,COOLING,35.1,34.5
1478,844,1,COOLING,35.0,34.0
1479,845,1,COOLING,35.1,34.5
1480,846,1,COOLING,35.0,34.2
1481,847,1,COOLING,35.0,34.2
1482,848,1,COOLING,35.0,34.5
1483,849,1,COOLING,35.1,33.7
1485,851,1,COOLING,35.1,34.5
1486,852,1,COOLING,35.1,34.2
1487,853,1,COOLING,35.0,34.5
1488,854,1,COOLING,35.0,34.2
1489,855,1,COOLING,35.0,34.0
1490,856,1,COOLING,35.0,34.7
1491,857,1,COOLING,34.9,34.2
1492,858,1,COOLING,34.9,34.0
1494,860,1,COOLING,34.9,34.0
1495,861,1,COOLING,34.9,34.2
1496,862,1,COOLING,34.9,34.5
1497,863,1,COOLING,34.9,34.2
1498,864,1,COOLING,34.8,34.0
1499,865,1,COOLING,34.9,33.5
1501,867,1,COOLING,34.8,34.0
1502,868,1,COOLING,34.9,33.7
1503,869,1,COOLING,34.8,34.2
1504,870,1,COOLING,34.8,34.0
1505,871,1,COOLING,34.8,34.2
1506,872,1,COOLING,34.8,34.2
1507,873,1,COOLING,34.8,34.5
1508,874,1,COOLING,34.8,34.2
1510,876,1,COOLING,34.8,34.2
1511,877,1,COOLING,34.8,34.2
1512,878,1,COOLING,34.7,33.7
1513,879,1,COOLING,34.9,34.5
1514,880,1,COOLING,34.7,34.0
1515,881,1,COOLING,34.8,34.2
1517,883,1,COOLING,34.7,34.2
1518,884,1,COOLING,34.7,33.7
1519,885,1,COOLING,34.8,34.0
1520,886,1,COOLING,34.8,33.7
1521,887,1,COOLING,34.7,34.0
1522,888,1,COOLING,34.7,34.5
1523,889,1,COOLING,34.7,34.5
1524,890,1,COOLING,34.7,34.0
1526,892,1,COOLING,34.6,34.5
1527,893,1,COOLING,34.7,34.2
1528,894,1,COOLING,34.6,34.0
1529,895,1,COOLING,34.6,34.0
1530,896,1,COOLING,34.7,34.0
1531,897,1,COOLING,34.6,34.5
1533,899,1,COOLING,34.6,33.7
1534,900,1,COOLING,34.6,33.5
1535,901,1,COOLING,34.5,34.0
1536,902,1,COOLING,34.5,34.0
1537,903,1,COOLING,34.5,34.0
1538,904,1,COOLING,34.5,34.0
1539,905,1,COOLING,34.5,33.7
1540,906,1,COOLING,34.5,34.0
1542,908,1,COOLING,34.6,34.2
1543,909,1,COOLING,34.6,33.7
1544,910,1,COOLING,34.5,34.0
1545,911,1,COOLING,34.6,33.7
1546,912,1,COOLING,34.5,34.0
1547,913,1,COOLING,34.5,34.0
1549,915,1,COOLING,34.5,33.7
1550,916,1,COOLING,34.5,34.2
1551,917,1,COOLING,34.4,34.2
1552,918,1,COOLING,34.5,34.0
1553,919,1,COOLING,34.5,33.7
1554,920,1,COOLING,34.5,33.7
1555,921,1,COOLING,34.4,34.0
1556,922,1,COOLING,34.5,34.2
1558,924,1,COOLING,34.5,34.0
1559,925,1,COOLING,34.4,34.0
1560,926,1,COOLING,34.4,33.7
1561,927,1,COOLING,34.4,33.5
1562,928,1,COOLING,34.4,34.0
1563,929,1,COOLING,34.4,33.7
1565,931,1,COOLING,34.4,33.7
1566,932,1,COOLING,34.3,33.7
1567,933,1,COOLING,34.4,34.0
1568,934,1,COOLING,34.4,33.7
1569,935,1,COOLING,34.3,33.7
1570,936,1,COOLING,34.3,33.7
1571,937,1,COOLING,34.3,33.7
1572,938,1,COOLING,34.3,33.7
1574,940,1,COOLING,34.3,33.7
1575,941,1,COOLING,34.3,33.7
1576,942,1,COOLING,34.3,34.0
1577,943,1,COOLING,34.3,33.7
1578,944,1,COOLING,34.2,33.7
1579,945,1,COOLING,34.2,33.7
1581,947,1,COOLING,34.2,34.0
1582,948,1,COOLING,34.2,33.7
1583,949,1,COOLING,34.2,34.0
1584,950,1,COOLING,34.2,34.0
1585,951,1,COOLING,34.2,34.0
1586,952,1,COOLING,34.2,33.5
1587,953,1,COOLING,34.2,33.7
1588,954,1,COOLING,34.2,34.0
1590,956,1,COOLING,34.2,33.5
1591,957,1,COOLING,34.2,34.0
1592,958,1,COOLING,34.2,33.5
1593,959,1,COOLING,34.2,34.0
1594,960,1,COOLING,34.2,33.7
1595,961,1,COOLING,34.1,33.7
1597,963,1,COOLING,34.2,33.5
1598,964,1,COOLING,34.2,33.7
1599,965,1,COOLING,34.2,33.7
1600,966,1,COOLING,34.1,33.2
1601,967,1,COOLING,34.1,33.2
1602,968,1,COOLING,34.1,33.7
1603,969,1,COOLING,34.1,33.7
1604,970,1,COOLING,34.2,34.0
1606,972,1,COOLING,34.2,33.7
1607,973,1,COOLING,34.1,34.0
1608,974,1,COOLING,34.1,34.0
1609,975,1,COOLING,34.1,33.5
1610,976,1,COOLING,34.1,33.2
1611,977,1,COOLING,34.1,33.2
1613,979,1,COOLING,34.0,33.5
1614,980,1,COOLING,34.0,33.5
1615,981,1,COOLING,34.0,33.7
1616,982,1,COOLING,34.0,33.0
1617,983,1,COOLING,34.0,34.0
1618,984,1,COOLING,34.0,34.0
1619,985,1,COOLING,34.0,33.5
1620,986,1,COOLING,34.0,33.2
1622,988,1,COOLING,34.0,34.0
1623,989,1,COOLING,34.0,33.2
1624,990,1,COOLING,34.0,33.2
1625,991,1,COOLING,33.9,33.7
1626,992,1,COOLING,34.0,33.7
1627,993,1,COOLING,34.0,33.7
1629,995,1,COOLING,34.0,34.0
1630,996,1,COOLING,34.0,33.5
1631,997,1,COOLING,34.0,33.7
1632,998,1,COOLING,34.0,33.5
1633,999,1,COOLING,34.0,33.7
1634,1000,1,COOLING,33.9,33.0
1635,1001,1,COOLING,33.8,33.5
1636,1002,1,COOLING,34.0,33.7
1638,1004,1,COOLING,33.9,33.2
1639,1005,1,COOLING,33.9,33.2
1640,1006,1,COOLING,34.0,33.2
1641,1007,1,COOLING,34.0,33.7
1642,1008,1,COOLING,33.9,33.7
1643,1009,1,COOLING,33.9,33.5
1645,1011,1,COOLING,33.9,33.0
1646,1012,1,COOLING,33.9,33.0
1647,1013,1,COOLING,33.9,33.7
1648,1014,1,COOLING,33.8,33.0
1649,1015,1,COOLING,33.9,33.2
1650,1016,1,COOLING,33.8,33.0
1651,1017,1,COOLING,33.9,33.0
1652,1018,1,COOLING,33.8,33.0
1654,1020,1,COOLING,33.8,33.0
1655,1021,1,COOLING,33.8,33.0
1656,1022,1,COOLING,33.7,33.2
1657,1023,1,COOLING,33.7,32.7
1658,1024,1,COOLING,33.8,33.5
1659,1025,1,COOLING,33.7,33.2
1661,1027,1,COOLING,33.7,33.0
1662,1028,1,COOLING,33.8,33.0
1663,1029,1,COOLING,33.8,33.0
1664,1030,1,COOLING,33.8,33.5
1665,1031,1,COOLING,33.7,33.5
1666,1032,1,COOLING,33.7,33.2
1667,1033,1,COOLING,33.7,33.2
1668,1034,1,COOLING,33.7,33.5
1670,1036,1,COOLING,33.7,33.0
1671,1037,1,COOLING,33.7,33.2
1672,1038,1,COOLING,33.7,33.2
1673,1039,1,COOLING,33.6,33.5
1674,1040,1,COOLING,33.6,33.5
1675,1041,1,COOLING,33.6,34.0
1677,1043,1,COOLING,33.6,33.2
1678,1044,1,COOLING,33.6,33.5
1679,1045,1,COOLING,33.6,33.5
1680,1046,1,COOLING,33.6,33.2
1681,1047,1,COOLING,33.6,33.2
1682,1048,1,COOLING,33.6,33.0
1683,1049,1,COOLING,33.6,33.5
1684,1050,1,COOLING,33.6,33.0
1686,1052,1,COOLING,33.7,33.2
1687,1053,1,COOLING,33.6,32.7
1688,1054,1,COOLING,33.6,33.5
1689,1055,1,COOLING,33.6,33.0
1690,1056,1,COOLING,33.6,33.2
1691,1057,1,COOLING,33.6,33.0
1693,1059,1,COOLING,33.6,33.2
1694,1060,1,COOLING,33.5,33.5
1695,1061,1,COOLING,33.6,33.0
1696,1062,1,COOLING,33.5,33.5
1697,1063,1,COOLING,33.5,34.0
1698,1064,1,COOLING,33.5,33.2
1699,1065,1,COOLING,33.5,33.0
1700,1066,1,COOLING,33.6,32.2
1702,1068,1,COOLING,33.5,33.0
1703,1069,1,COOLING,33.5,33.0
1704,1070,1,COOLING,33.5,33.2
1705,1071,1,COOLING,33.5,33.0
1706,1072,1,COOLING,33.5,33.0
1707,1073,1,COOLING,33.4,33.0
1709,1075,1,COOLING,33.4,33.2
1710,1076,1,COOLING,33.4,33.2
1711,1077,1,COOLING,33.4,33.2
1712,1078,1,COOLING,33.4,32.7
1713,1079,1,COOLING,33.4,32.7
1714,1080,1,COOLING,33.4,33.2
1715,1081,1,COOLING,33.4,32.7
1716,1082,1,COOLING,33.4,33.2
1718,1084,1,COOLING,33.4,32.7
1719,1085,1,COOLING,33.4,33.2
1720,1086,1,COOLING,33.4,33.2
1721,1087,1,COOLING,33.4,32.7
1722,1088,1,COOLING,33.4,33.2
1723,1089,1,COOLING,33.4,33.2
1725,1091,1,COOLING,33.3,32.5
1726,1092,1,COOLING,33.4,33.0
1727,1093,1,COOLING,33.4,33.2
1728,1094,1,COOLING,33.3,33.0
1729,1095,1,COOLING,33.4,33.2
1730,1096,1,COOLING,33.3,32.2
1731,1097,1,COOLING,33.3,33.2
1732,1098,1,COOLING,33.3,33.2
1734,1100,1,COOLING,33.3,32.5
1735,1101,1,COOLING,33.3,33.2
1736,1102,1,COOLING,33.2,32.5
1737,1103,1,COOLING,33.2,33.2
1738,1104,1,COOLING,33.1,33.0
1739,1105,1,COOLING,33.2,32.7
1741,1107,1,COOLING,33.2,33.2
1742,1108,1,COOLING,33.2,33.0
1743,1109,1,COOLING,33.1,33.0
1744,1110,1,COOLING,33.1,33.0
1745,1111,1,COOLING,33.1,33.2
1746,1112,1,COOLING,33.1,33.0
1747,1113,1,COOLING,33.2,33.0
1748,1114,1,COOLING,33.1,32.7
1750,1116,1,COOLING,33.1,33.2
1751,1117,1,COOLING,33.1,32.7
1752,1118,1,COOLING,33.1,33.0
1753,1119,1,COOLING,33.2,32.7
1754,1120,1,COOLING,33.2,33.2
1755,1121,1,COOLING,33.2,32.5
1757,1123,1,COOLING,33.2,33.0
1758,1124,1,COOLING,33.2,33.0
1759,1125,1,COOLING,33.1,33.0
1760,1126,1,COOLING,33.1,33.2
1761,1127,1,COOLING,33.1,32.7
1762,1128,1,COOLING,33.1,33.0
1763,1129,1,COOLING,33.1,33.2
1764,1130,1,COOLING,33.1,33.2
1766,1132,1,COOLING,33.1,32.7
1767,1133,1,COOLING,33.0,32.7
1768,1134,1,COOLING,33.1,33.5
1769,1135,1,COOLING,33.1,33.0
1770,1136,1,COOLING,33.0,33.0
1771,1137,1,COOLING,33.1,33.0
1773,1139,1,COOLING,33.0,32.5
1774,1140,1,COOLING,33.0,32.7
1775,1141,1,COOLING,33.0,33.0
1776,1142,1,COOLING,33.0,32.5
1777,1143,1,COOLING,33.1,32.5
1778,1144,1,COOLING,33.0,32.7
1779,1145,1,COOLING,33.0,33.0
1780,1146,1,COOLING,33.0,33.2
1782,1148,1,COOLING,33.1,33.0
1783,1149,1,COOLING,33.1,32.7
1784,1150,1,COOLING,33.0,33.2
1785,1151,1,COOLING,33.0,33.0
1786,1152,1,COOLING,33.0,32.7
1787,1153,1,COOLING,33.0,33.0
1789,1155,1,COOLING,33.0,33.0
1790,1156,1,COOLING,33.0,32.5
1791,1157,1,COOLING,33.0,32.7
1792,1158,1,COOLING,33.0,32.2
1793,1159,1,COOLING,33.0,33.0
1794,1160,1,COOLING,33.0,32.5
1795,1161,1,COOLING,33.0,32.7
1796,1162,1,COOLING,33.0,33.0
1798,1164,1,COOLING,32.9,32.5
1799,1165,1,COOLING,32.9,32.7
1800,1166,1,COOLING,32.9,33.0
1801,1167,1,COOLING,32.9,32.7
1802,1168,1,COOLING,32.9,32.5
1803,1169,1,COOLING,32.9,32.7
1805,1171,1,COOLING,32.9,32.7
1806,1172,1,COOLING,32.8,32.5
1807,1173,1,COOLING,32.8,32.7
1808,1174,1,COOLING,32.8,32.5
1809,1175,1,COOLING,32.8,32.5
1810,1176,1,COOLING,32.8,32.7
1811,1177,1,COOLING,32.8,32.5
1812,1178,1,COOLING,32.8,33.0
1814,1180,1,COOLING,32.8,32.0
1815,1181,1,COOLING,32.7,32.5
1816,1182,1,COOLING,32.8,32.5
1817,1183,1,COOLING,32.8,32.2
1818,1184,1,COOLING,32.8,32.7
1819,1185,1,COOLING,32.9,32.7
1821,1187,1,COOLING,32.8,33.0
1822,1188,1,COOLING,32.8,32.7
1823,1189,1,COOLING,32.8,32.7
1824,1190,1,COOLING,32.8,32.5
1825,1191,1,COOLING,32.8,33.0
1826,1192,1,COOLING,32.8,32.5
1827,1193,1,COOLING,32.8,32.5
1828,1194,1,COOLING,32.8,33.0
1830,1196,1,COOLING,32.7,32.5
1831,1197,1,COOLING,32.8,32.5
1832,1198,1,COOLING,32.7,32.5
1833,1199,1,COOLING,32.7,33.0
1834,1200,1,COOLING,32.7,32.7
1835,1201,1,COOLING,32.7,33.5
1837,1203,1,COOLING,32.7,32.7
1838,1204,1,COOLING,32.6,33.0
1839,1205,1,COOLING,32.6,33.0
1840,1206,1,COOLING,32.7,33.2
1841,1207,1,COOLING,32.7,33.0
1842,1208,1,COOLING,32.7,33.2
1843,1209,1,COOLING,32.6,33.5
1844,1210,1,COOLING,32.6,33.2
1846,1212,1,COOLING,32.7,33.5
1847,1213,1,COOLING,32.7,33.0
1848,1214,1,COOLING,32.6,33.2
1849,1215,1,COOLING,32.6,33.0
1850,1216,1,COOLING,32.6,33.2
1851,1217,1,COOLING,32.6,32.7
1853,1219,1,COOLING,32.6,33.0
1854,1220,1,COOLING,32.6,33.0
1855,1221,1,COOLING,32.7,33.0
1856,1222,1,COOLING,32.6,33.0
1857,1223,1,COOLING,32.7,33.2
1858,1224,1,COOLING,32.6,32.7
1859,1225,1,COOLING,32.6,32.7
1860,1226,1,COOLING,32.6,32.7
1862,1228,1,COOLING,32.5,32.7
1863,1229,1,COOLING,32.5,33.0
1864,1230,1,COOLING,32.6,33.0
1865,1231,1,COOLING,32.5,33.0
1866,1232,1,COOLING,32.5,32.5
1867,1233,1,COOLING,32.5,33.0
1869,1235,1,COOLING,32.5,32.5
1870,1236,1,COOLING,32.5,33.0
1871,1237,1,COOLING,32.5,33.0
1872,1238,1,COOLING,32.5,33.2
1873,1239,1,COOLING,32.4,32.5
1874,1240,1,COOLING,32.5,32.7
1875,1241,1,COOLING,32.4,33.0
1876,1242,1,COOLING,32.5,32.7
1878,1244,1,COOLING,32.4,32.7
1879,1245,1,COOLING,32.4,32.5
1880,1246,1,COOLING,32.4,32.7
1881,1247,1,COOLING,32.4,33.0
1882,1248,1,COOLING,32.5,32.2
1883,1249,1,COOLING,32.4,32.7
1885,1251,1,COOLING,32.4,32.7
1886,1252,1,COOLING,32.4,32.5
1887,1253,1,COOLING,32.4,32.7
1888,1254,1,COOLING,32.4,32.5
1889,1255,1,COOLING,32.4,33.2
1890,1256,1,COOLING,32.4,32.7
1891,1257,1,COOLING,32.4,32.7
1892,1258,1,COOLING,32.3,32.7
1894,1260,1,COOLING,32.4,33.0
1895,1261,1,COOLING,32.4,32.7
1896,1262,1,COOLING,32.4,32.5
1897,1263,1,COOLING,32.4,32.5
1898,1264,1,COOLING,32.5,33.0
1899,1265,1,COOLING,32.5,32.7
1901,1267,1,COOLING,32.4,32.7
1902,1268,1,COOLING,32.4,32.7
1903,1269,1,COOLING,32.4,32.7
1904,1270,1,COOLING,32.4,33.0
1905,1271,1,COOLING,32.4,33.0
1906,1272,1,COOLING,32.4,32.7
1907,1273,1,COOLING,32.3,33.0
1908,1274,1,COOLING,32.3,32.7
1910,1276,1,COOLING,32.3,33.0
1911,1277,1,COOLING,32.2,32.5
1912,1278,1,COOLING,32.3,32.5
1913,1279,1,COOLING,32.3,33.0
1914,1280,1,COOLING,32.3,32.7
1915,1281,1,COOLING,32.3,32.5
1917,1283,1,COOLING,32.3,32.7
1918,1284,1,COOLING,32.2,32.5
1919,1285,1,COOLING,32.2,32.5
1920,1286,1,COOLING,32.2,32.2
1921,1287,1,COOLING,32.3,32.7
1922,1288,1,COOLING,32.3,32.7
1923,1289,1,COOLING,32.2,32.5
1924,1290,1,COOLING,32.3,32.5
1926,1292,1,COOLING,32.2,32.5
1927,1293,1,COOLING,32.2,32.7
1928,1294,1,COOLING,32.2,32.7
1929,1295,1,COOLING,32.2,32.5
1930,1296,1,COOLING,32.2,32.5
1931,1297,1,COOLING,32.2,32.5
1933,1299,1,COOLING,32.1,32.0
1934,1300,1,COOLING,32.1,32.7
1935,1301,1,COOLING,32.1,32.5
1936,1302,1,COOLING,32.1,32.7
1937,1303,1,COOLING,32.1,32.7
1938,1304,1,COOLING,32.1,32.5
1939,1305,1,COOLING,32.1,32.5
1940,1306,1,COOLING,32.1,32.5
1942,1308,1,COOLING,32.1,32.5
1943,1309,1,COOLING,32.1,32.5
1944,1310,1,COOLING,32.1,32.5
1945,1311,1,COOLING,32.1,32.7
1946,1312,1,COOLING,32.1,32.2
1947,1313,1,COOLING,32.1,32.2
1949,1315,1,COOLING,32.1,32.2
1950,1316,1,COOLING,32.2,32.5
1951,1317,1,COOLING,32.2,32.5
1952,1318,1,COOLING,32.1,32.0
1953,1319,1,COOLING,32.1,32.7
1954,1320,1,COOLING,32.2,32.5
1955,1321,1,COOLING,32.1,32.7
1956,1322,1,COOLING,32.1,32.5
1958,1324,1,COOLING,32.0,32.5
1959,1325,1,COOLING,32.0,32.2
1960,1326,1,COOLING,32.0,32.7
1961,1327,1,COOLING,32.1,32.5
1962,1328,1,COOLING,32.1,32.5
1963,1329,1,COOLING,32.0,32.0
1965,1331,1,COOLING,32.0,32.5
1966,1332,1,COOLING,32.1,32.7
1967,1333,1,COOLING,32.1,32.0
1968,1334,1,COOLING,32.1,32.5
1969,1335,1,COOLING,32.0,32.5
1970,1336,1,COOLING,32.0,32.5
1971,1337,1,COOLING,32.0,32.5
1972,1338,1,COOLING,32.0,32.7
1974,1340,1,COOLING,32.0,32.2
1975,1341,1,COOLING,32.0,32.2
1976,1342,1,COOLING,32.0,32.0
1977,1343,1,COOLING,32.0,32.5
1978,1344,1,COOLING,32.0,32.2
1979,1345,1,COOLING,32.0,32.5
1981,1347,1,COOLING,32.0,32.0
1982,1348,1,COOLING,31.9,32.5
1983,1349,1,COOLING,32.0,32.5
1984,1350,1,COOLING,31.9,32.5
1985,1351,1,COOLING,31.9,32.5
1986,1352,1,COOLING,31.9,32.5
1987,1353,1,COOLING,31.9,32.5
1988,1354,1,COOLING,31.8,32.5
1990,1356,1,COOLING,31.9,32.5
1991,1357,1,COOLING,31.9,32.2
1992,1358,1,COOLING,31.8,32.0
1993,1359,1,COOLING,31.9,32.5
1994,1360,1,COOLING,31.9,32.2
1995,1361,1,COOLING,31.9,32.2
1997,1363,1,COOLING,31.9,32.5
1998,1364,1,COOLING,31.9,32.2
1999,1365,1,COOLING,31.9,32.0
2000,1366,1,COOLING,31.9,32.2
2001,1367,1,COOLING,31.8,32.0
2002,1368,1,COOLING,31.9,32.5
2003,1369,1,COOLING,31.9,32.7
2004,1370,1,COOLING,31.9,32.5
2006,1372,1,COOLING,31.8,32.2
2007,1373,1,COOLING,31.8,31.7
2008,1374,1,COOLING,31.8,32.5
2009,1375,1,COOLING,31.7,32.5
2010,1376,1,COOLING,31.8,32.5
2011,1377,1,COOLING,31.7,32.2
2013,1379,1,COOLING,31.8,32.0
2014,1380,1,COOLING,31.7,32.2
2015,1381,1,COOLING,31.7,32.5
2016,1382,1,COOLING,31.8,32.2
2017,1383,1,COOLING,31.8,32.5
2018,1384,1,COOLING,31.7,32.5
2019,1385,1,COOLING,31.8,32.0
2020,1386,1,COOLING,31.7,32.2
2022,1388,1,COOLING,31.7,32.0
2023,1389,1,COOLING,31.7,32.0
2024,1390,1,COOLING,31.7,32.0
2025,1391,1,COOLING,31.7,32.0
2026,1392,1,COOLING,31.7,32.2
2027,1393,1,COOLING,31.7,32.5
2029,1395,1,COOLING,31.8,31.7
2030,1396,1,COOLING,31.7,32.5
2031,1397,1,COOLING,31.7,32.2
2032,1398,1,COOLING,31.7,32.2
2033,1399,1,COOLING,31.7,32.2
2034,1400,1,COOLING,31.6,32.5
2035,1401,1,COOLING,31.6,32.0
2036,1402,1,COOLING,31.6,32.5
2038,1404,1,COOLING,31.7,32.5
2039,1405,1,COOLING,31.7,32.2
2040,1406,1,COOLING,31.6,32.0
2041,1407,1,COOLING,31.6,32.2
2042,1408,1,COOLING,31.7,32.2
2043,1409,1,COOLING,31.6,31.7
2045,1411,1,COOLING,31.6,31.5
2046,1412,1,COOLING,31.6,32.0
2047,1413,1,COOLING,31.6,32.2
2048,1414,1,COOLING,31.7,32.0
2049,1415,1,COOLING,31.7,32.2
2050,1416,1,COOLING,31.6,32.0
2051,1417,1,COOLING,31.7,31.7
2052,1418,1,COOLING,31.6,32.0
2054,1420,1,COOLING,31.6,32.2
2055,1421,1,COOLING,31.6,32.0
2056,1422,1,COOLING,31.6,31.5
2057,1423,1,COOLING,31.6,32.2
2058,1424,1,COOLING,31.6,32.0
2059,1425,1,COOLING,31.6,32.2
2061,1427,1,COOLING,31.6,31.5
2062,1428,1,COOLING,31.6,32.0
2063,1429,1,COOLING,31.6,31.7
2064,1430,1,COOLING,31.5,31.2
2065,1431,1,COOLING,31.5,31.5
2066,1432,1,COOLING,31.5,32.2
2067,1433,1,COOLING,31.5,32.0
2068,1434,1,COOLING,31.5,32.2
2070,1436,1,COOLING,31.5,32.2
2071,1437,1,COOLING,31.5,32.2
2072,1438,1,COOLING,31.5,32.0
2073,1439,1,COOLING,31.5,32.0
2074,1440,1,COOLING,31.4,32.2
2075,1441,1,COOLING,31.5,32.2
2077,1443,1,COOLING,31.5,31.7
2078,1444,1,COOLING,31.5,32.0
2079,1445,1,COOLING,31.4,32.2
2080,1446,1,COOLING,31.4,32.2
2081,1447,1,COOLING,31.5,32.2
2082,1448,1,COOLING,31.4,31.7
2083,1449,1,COOLING,31.5,31.5
2084,1450,1,COOLING,31.4,31.7
2086,1452,1,COOLING,31.5,32.0
2087,1453,1,COOLING,31.5,32.2
2088,1454,1,COOLING,31.4,31.7
2089,1455,1,COOLING,31.4,31.7
2090,1456,1,COOLING,31.4,32.0
2091,1457,1,COOLING,31.3,31.7
2093,1459,1,COOLING,31.3,32.0
2094,1460,1,COOLING,31.4,32.2
2095,1461,1,COOLING,31.4,32.2
2096,1462,1,COOLING,31.4,31.7
2097,1463,1,COOLING,31.4,32.2
2098,1464,1,COOLING,31.3,32.2
2099,1465,1,COOLING,31.4,31.7
2100,1466,1,COOLING,31.4,32.2
2102,1468,1,COOLING,31.3,32.0
2103,1469,1,COOLING,31.4,31.7
2104,1470,1,COOLING,31.4,32.0
2105,1471,1,COOLING,31.4,32.2
2106,1472,1,COOLING,31.4,31.7
2107,1473,1,COOLING,31.4,31.7
2109,1475,1,COOLING,31.4,32.0
2110,1476,1,COOLING,31.4,31.7
2111,1477,1,COOLING,31.4,32.0
2112,1478,1,COOLING,31.3,31.7
2113,1479,1,COOLING,31.4,32.0
2114,1480,1,COOLING,31.3,32.0
2115,1481,1,COOLING,31.4,31.7
2116,1482,1,COOLING,31.4,31.7
2118,1484,1,COOLING,31.4,31.7
2119,1485,1,COOLING,31.4,32.0
2120,1486,1,COOLING,31.4,31.7
2121,1487,1,COOLING,31.4,31.5
2122,1488,1,COOLING,31.4,31.7
2123,1489,1,COOLING,31.4,31.7
2125,1491,1,COOLING,31.4,31.7
2126,1492,1,COOLING,31.3,31.7
2127,1493,1,COOLING,31.3,31.5
2128,1494,1,COOLING,31.3,31.7
2129,1495,1,COOLING,31.4,31.7
2130,1496,1,COOLING,31.3,31.5
2131,1497,1,COOLING,31.3,32.0
2132,1498,1,COOLING,31.3,32.0
2134,1500,1,COOLING,31.2,31.7
2135,1501,1,COOLING,31.3,32.0
2136,1502,1,COOLING,31.3,32.0
2137,1503,1,COOLING,31.2,31.7
2138,1504,1,COOLING,31.2,32.2
2139,1505,1,COOLING,31.2,31.7
2141,1507,1,COOLING,31.2,31.7
2142,1508,1,COOLING,31.1,31.5
2143,1509,1,COOLING,31.2,31.7
2144,1510,1,COOLING,31.1,31.7
2145,1511,1,COOLING,31.1,31.7
2146,1512,1,COOLING,31.2,31.7
2147,1513,1,COOLING,31.1,31.2
2148,1514,1,COOLING,31.1,31.7
2150,1516,1,COOLING,31.1,31.7
2151,1517,1,COOLING,31.1,32.0
2152,1518,1,COOLING,31.1,31.7
2153,1519,1,COOLING,31.1,31.7
2154,1520,1,COOLING,31.1,31.5
2155,1521,1,COOLING,31.2,32.0
2157,1523,1,COOLING,31.1,31.7
2158,1524,1,COOLING,31.2,31.2
2159,1525,1,COOLING,31.2,31.7
2160,1526,1,COOLING,31.2,31.7
2161,1527,1,COOLING,31.1,30.7
2162,1528,1,COOLING,31.2,31.7
2163,1529,1,COOLING,31.1,31.5
2164,1530,1,COOLING,31.1,31.5
2166,1532,1,COOLING,31.1,31.7
2167,1533,1,COOLING,31.1,31.2
2168,1534,1,COOLING,31.1,31.7
2169,1535,1,COOLING,31.1,31.7
2170,1536,1,COOLING,31.1,31.2
2171,1537,1,COOLING,31.1,31.5
2173,1539,1,COOLING,31.0,31.7
2174,1540,1,COOLING,31.0,31.2
2175,1541,1,COOLING,31.0,31.7
2176,1542,1,COOLING,31.1,31.7
2177,1543,1,COOLING,31.0,31.7
2178,1544,1,COOLING,31.1,31.2
2179,1545,1,COOLING,31.0,31.5
2180,1546,1,COOLING,31.0,31.2
2182,1548,1,COOLING,31.0,31.2
2183,1549,1,COOLING,31.0,31.7
2184,1550,1,COOLING,31.0,31.5
2185,1551,1,COOLING,31.0,31.5
2186,1552,1,COOLING,31.0,31.7
2187,1553,1,COOLING,31.0,31.2
2189,1555,1,COOLING,31.0,31.0
2190,1556,1,COOLING,31.0,31.2
2191,1557,1,COOLING,31.0,31.2
2192,1558,1,COOLING,31.0,31.2
2193,1559,1,COOLING,31.0,31.2
2194,1560,1,COOLING,31.0,31.7
2195,1561,1,COOLING,31.0,31.7
2196,1562,1,COOLING,31.0,31.5
2198,1564,1,COOLING,31.0,31.7
2199,1565,1,COOLING,31.0,31.5
2200,1566,1,COOLING,31.0,31.2
2201,1567,1,COOLING,31.0,31.2
2202,1568,1,COOLING,31.0,31.7
2203,1569,1,COOLING,31.0,31.7
2205,1571,1,COOLING,31.0,31.7
2206,1572,1,COOLING,31.0,32.0
2207,1573,1,COOLING,31.0,31.7
2208,1574,1,COOLING,31.0,31.5
2209,1575,1,COOLING,31.0,31.7
2210,1576,1,COOLING,31.0,31.7
2211,1577,1,COOLING,30.9,31.5
2212,1578,1,COOLING,30.9,31.5
2214,1580,1,COOLING,30.9,31.5
2215,1581,1,COOLING,31.0,31.5
2216,1582,1,COOLING,30.9,31.0
2217,1583,1,COOLING,30.9,31.2
2218,1584,1,COOLING,30.9,31.2
2219,1585,1,COOLING,31.0,31.2
2221,1587,1,COOLING,30.9,31.5
2222,1588,1,COOLING,30.9,31.5
2223,1589,1,COOLING,30.9,31.5
2224,1590,1,COOLING,30.9,31.5
2225,1591,1,COOLING,30.9,31.2
2226,1592,1,COOLING,30.9,31.2
2227,1593,1,COOLING,30.9,31.0
2228,1594,1,COOLING,30.9,31.5
2230,1596,1,COOLING,30.9,31.5
2231,1597,1,COOLING,30.8,31.2
2232,1598,1,COOLING,30.8,31.7
2233,1599,1,COOLING,30.9,31.5
2234,1600,1,COOLING,30.8,31.2
2235,1601,1,COOLING,30.9,31.2
2237,1603,1,COOLING,30.8,31.7
2238,1604,1,COOLING,30.8,31.2
2239,1605,1,COOLING,30.8,31.5
2240,1606,1,COOLING,30.8,31.2
2241,1607,1,COOLING,30.8,31.7
2242,1608,1,COOLING,30.9,31.7
2243,1609,1,COOLING,30.8,31.5
2244,1610,1,COOLING,30.8,31.7
2246,1612,1,COOLING,30.8,31.5
2247,1613,1,COOLING,30.8,31.5
2248,1614,1,COOLING,30.8,31.5
2249,1615,1,COOLING,30.8,31.2
2250,1616,1,COOLING,30.8,31.2
2251,1617,1,COOLING,30.7,31.2
2253,1619,1,COOLING,30.8,30.5
2254,1620,1,COOLING,30.7,31.5
2255,1621,1,COOLING,30.8,31.5
2256,1622,1,COOLING,30.7,31.5
2257,1623,1,COOLING,30.8,31.0
2258,1624,1,COOLING,30.7,31.7
2259,1625,1,COOLING,30.7,31.5
2260,1626,1,COOLING,30.8,31.5
2262,1628,1,COOLING,30.8,31.0
2263,1629,1,COOLING,30.8,31.2
2264,1630,1,COOLING,30.7,31.5
2265,1631,1,COOLING,30.7,31.5
2266,1632,1,COOLING,30.7,31.0
2267,1633,1,COOLING,30.7,31.0
2269,1635,1,COOLING,30.7,30.7
2270,1636,1,COOLING,30.7,31.0
2271,1637,1,COOLING,30.6,31.0
2272,1638,1,COOLING,30.7,31.2
2273,1639,1,COOLING,30.7,31.5
2274,1640,1,COOLING,30.7,31.0
2275,1641,1,COOLING,30.7,31.5
2276,1642,1,COOLING,30.6,31.2
2278,1644,1,COOLING,30.6,31.5
2279,1645,1,COOLING,30.7,30.7
2280,1646,1,COOLING,30.7,31.5
2281,1647,1,COOLING,30.6,31.5
2282,1648,1,COOLING,30.6,31.5
2283,1649,1,COOLING,30.7,31.2
2285,1651,1,COOLING,30.6,31.7
2286,1652,1,COOLING,30.6,31.2
2287,1653,1,COOLING,30.6,31.5
2288,1654,1,COOLING,30.6,31.0
2289,1655,1,COOLING,30.6,31.5
2290,1656,1,COOLING,30.7,31.5
2291,1657,1,COOLING,30.6,31.5
2292,1658,1,COOLING,30.7,31.2
2294,1660,1,COOLING,30.7,31.2
2295,1661,1,COOLING,30.6,31.0
2296,1662,1,COOLING,30.6,31.5
2297,1663,1,COOLING,30.6,31.2
2298,1664,1,COOLING,30.7,31.0
2299,1665,1,COOLING,30.6,31.2
2301,1667,1,COOLING,30.6,31.2
2302,1668,1,COOLING,30.6,31.0
2303,1669,1,COOLING,30.6,31.2
2304,1670,1,COOLING,30.6,31.0
2305,1671,1,COOLING,30.6,31.2
2306,1672,1,COOLING,30.6,31.0
2307,1673,1,COOLING,30.6,31.0
2308,1674,1,COOLING,30.6,31.5
2310,1676,1,COOLING,30.6,31.2
2311,1677,1,COOLING,30.6,31.2
2312,1678,1,COOLING,30.6,31.0
2313,1679,1,COOLING,30.6,31.2
2314,1680,1,COOLING,30.6,31.2
2315,1681,1,COOLING,30.6,31.0
2317,1683,1,COOLING,30.6,31.0
2318,1684,1,COOLING,30.6,31.0
2319,1685,1,COOLING,30.6,31.2
2320,1686,1,COOLING,30.6,31.7
2321,1687,1,COOLING,30.5,30.7
2322,1688,1,COOLING,30.5,31.7
2323,1689,1,COOLING,30.5,31.2
2324,1690,1,COOLING,30.5,31.0
2326,1692,1,COOLING,30.5,31.2
2327,1693,1,COOLING,30.5,31.0
2328,1694,1,COOLING,30.5,31.2
2329,1695,1,COOLING,30.5,31.2
2330,1696,1,COOLING,30.5,30.7
2331,1697,1,COOLING,30.5,31.2
2333,1699,1,COOLING,30.5,30.7
2334,1700,1,COOLING,30.5,31.2
2335,1701,1,COOLING,30.5,31.2
2336,1702,1,COOLING,30.5,31.2
2337,1703,1,COOLING,30.5,31.2
2338,1704,1,COOLING,30.4,31.2
2339,1705,1,COOLING,30.5,31.2
2340,1706,1,COOLING,30.5,31.2
2342,1708,1,COOLING,30.4,31.2
2343,1709,1,COOLING,30.4,31.0
2344,1710,1,COOLING,30.5,31.5
2345,1711,1,COOLING,30.4,31.2
2346,1712,1,COOLING,30.4,31.0
2347,1713,1,COOLING,30.4,31.0
2349,1715,1,COOLING,30.5,30.7
2350,1716,1,COOLING,30.4,30.7
2351,1717,1,COOLING,30.4,31.2
2352,1718,1,COOLING,30.4,30.7
2353,1719,1,COOLING,30.4,30.7
2354,1720,1,COOLING,30.4,31.2
2355,1721,1,COOLING,30.5,31.2
2356,1722,1,COOLING,30.4,31.2
2358,1724,1,COOLING,30.4,30.7
2359,1725,1,COOLING,30.4,30.7
2360,1726,1,COOLING,30.4,31.2
2361,1727,1,COOLING,30.4,31.2
2362,1728,1,COOLING,30.4,31.0
2363,1729,1,COOLING,30.4,31.0
2365,1731,1,COOLING,30.4,30.7
2366,1732,1,COOLING,30.4,31.0
2367,1733,1,COOLING,30.5,30.7
2368,1734,1,COOLING,30.4,31.2
2369,1735,1,COOLING,30.5,31.2
2370,1736,1,COOLING,30.4,31.2
2371,1737,1,COOLING,30.4,31.2
2372,1738,1,COOLING,30.4,31.0
2374,1740,1,COOLING,30.3,31.2
2375,1741,1,COOLING,30.4,30.7
2376,1742,1,COOLING,30.4,30.5
2377,1743,1,COOLING,30.4,31.2
2378,1744,1,COOLING,30.4,31.2
2379,1745,1,COOLING,30.4,31.0
2381,1747,1,COOLING,30.3,31.2
2382,1748,1,COOLING,30.3,31.2
2383,1749,1,COOLING,30.3,30.7
2384,1750,1,COOLING,30.3,31.2
2385,1751,1,COOLING,30.3,30.5
2386,1752,1,COOLING,30.3,31.2
2387,1753,1,COOLING,30.3,31.0
2388,1754,1,COOLING,30.3,30.7
2390,1756,1,COOLING,30.3,30.2
2391,1757,1,COOLING,30.3,31.2
2392,1758,1,COOLING,30.3,31.0
2393,1759,1,COOLING,30.3,31.2
2394,1760,1,COOLING,30.2,31.0
2395,1761,1,COOLING,30.3,31.0
2397,1763,1,COOLING,30.3,30.7
2398,1764,1,COOLING,30.3,30.7
2399,1765,1,COOLING,30.3,30.7
2400,1766,1,COOLING,30.3,31.0
2401,1767,1,COOLING,30.2,31.2
2402,1768,1,COOLING,30.3,31.2
2403,1769,1,COOLING,30.3,31.2
2404,1770,1,COOLING,30.2,31.0
2406,1772,1,COOLING,30.3,31.0
2407,1773,1,COOLING,30.3,31.0
2408,1774,1,COOLING,30.3,31.0
2409,1775,1,COOLING,30.3,31.2
2410,1776,1,COOLING,30.3,31.2
2411,1777,1,COOLING,30.3,30.7
2413,1779,1,COOLING,30.2,31.2
2414,1780,1,COOLING,30.2,30.7
2415,1781,1,COOLING,30.2,30.5
2416,1782,1,COOLING,30.2,30.7
2417,1783,1,COOLING,30.2,30.7
2418,1784,1,COOLING,30.2,30.5
2419,1785,1,COOLING,30.2,31.0
2420,1786,1,COOLING,30.2,31.0
2422,1788,1,COOLING,30.2,30.7
2423,1789,1,COOLING,30.2,30.2
2424,1790,1,COOLING,30.2,30.7
2425,1791,1,COOLING,30.3,30.5
2426,1792,1,COOLING,30.2,31.2
2427,1793,1,COOLING,30.2,30.5
2429,1795,1,COOLING,30.2,31.0
2430,1796,1,COOLING,30.2,31.2
2431,1797,1,COOLING,30.1,30.7
2432,1798,1,COOLING,30.1,30.5
2433,1799,1,COOLING,30.1,30.7
2434,1800,1,COOLING,30.2,31.0
2435,1801,1,COOLING,30.1,31.0
2436,1802,1,COOLING,30.2,31.0
2438,1804,1,COOLING,30.1,31.0
2439,1805,1,COOLING,30.1,31.0
2440,1806,1,COOLING,30.1,30.7
2441,1807,1,COOLING,30.2,31.2
2442,1808,1,COOLING,30.1,31.0
2443,1809,1,COOLING,30.1,30.7
2445,1811,1,COOLING,30.2,30.5
2446,1812,1,COOLING,30.1,30.7
2447,1813,1,COOLING,30.1,31.0
2448,1814,1,COOLING,30.1,30.7
2449,1815,1,COOLING,30.1,31.2
2450,1816,1,COOLING,30.1,31.2
2451,1817,1,COOLING,30.1,30.7
2452,1818,1,COOLING,30.0,31.0
2454,1820,1,COOLING,30.1,30.5
2455,1821,1,COOLING,30.1,30.7
2456,1822,1,COOLING,30.1,30.7
2457,1823,1,COOLING,30.1,31.2
2458,1824,1,COOLING,30.1,31.0
2459,1825,1,COOLING,30.1,31.0
2461,1827,1,COOLING,30.1,30.0
2462,1828,1,COOLING,30.1,30.7
2463,1829,1,COOLING,30.0,30.7
2464,1830,1,COOLING,30.1,31.0
2465,1831,1,COOLING,30.1,30.7
2466,1832,1,COOLING,30.1,31.0
2467,1833,1,COOLING,30.1,30.0
2468,1834,1,COOLING,30.2,30.2
2470,1836,1,COOLING,30.1,31.0
2471,1837,1,COOLING,30.1,30.7
2472,1838,1,COOLING,30.1,31.0
2473,1839,1,COOLING,30.1,30.7
2474,1840,1,COOLING,30.1,31.0
2475,1841,1,COOLING,30.0,30.7
2477,1843,1,COOLING,30.1,31.0
2478,1844,1,COOLING,30.1,31.0
2479,1845,1,COOLING,30.1,30.0
2480,1846,1,COOLING,30.1,30.7
2481,1847,1,COOLING,30.1,30.5
2482,1848,1,COOLING,30.1,30.7
2483,1849,1,COOLING,30.0,30.5
2484,1850,1,COOLING,30.1,31.0
2486,1852,1,COOLING,30.0,30.7
2487,1853,1,COOLING,30.1,31.0
2488,1854,1,COOLING,30.1,30.2
2489,1855,1,COOLING,30.1,30.7
2490,1856,1,COOLING,30.0,31.0
2491,1857,1,COOLING,30.0,31.0
2493,1859,1,COOLING,30.0,30.7
2494,1860,1,COOLING,30.0,30.7
2495,1861,1,COOLING,30.1,30.7
2496,1862,1,COOLING,30.0,30.5
2497,1863,1,COOLING,30.0,31.0
2498,1864,1,COOLING,30.0,30.5
2499,1865,1,COOLING,30.0,30.5
2500,1866,1,COOLING,30.0,30.7
2502,1868,1,COOLING,29.9,30.5
2503,1869,1,COOLING,30.0,31.0
2504,1870,1,COOLING,30.0,31.0
2505,1871,1,COOLING,30.0,30.7
2506,1872,1,COOLING,30.0,30.7
2507,1873,1,COOLING,30.0,30.5
2509,1875,1,COOLING,30.0,30.7
2510,1876,1,COOLING,29.9,30.7
2511,1877,1,COOLING,30.0,30.7
2512,1878,1,COOLING,29.9,30.7
2513,1879,1,COOLING,29.9,30.2
2514,1880,1,COOLING,30.0,31.0
2515,1881,1,COOLING,29.9,30.5
2516,1882,1,COOLING,30.0,30.7
2518,1884,1,COOLING,30.0,30.5
2519,1885,1,COOLING,29.9,30.5
2520,1886,1,COOLING,29.9,30.2
2521,1887,1,COOLING,29.9,30.7
2522,1888,1,COOLING,29.9,30.7
2523,1889,1,COOLING,30.0,30.7
2525,1891,1,COOLING,29.9,30.5
2526,1892,1,COOLING,30.0,31.0
2527,1893,1,COOLING,29.9,30.7
2528,1894,1,COOLING,29.9,30.2
2529,1895,1,COOLING,29.9,30.2
2530,1896,1,COOLING,29.8,30.5
2531,1897,1,COOLING,29.9,30.2
2532,1898,1,COOLING,29.9,30.7
2534,1900,1,COOLING,29.9,30.7
2535,1901,1,COOLING,29.9,30.7
2536,1902,1,COOLING,29.9,31.0
2537,1903,1,COOLING,29.9,30.5
2538,1904,1,COOLING,29.9,30.2
2539,1905,1,COOLING,29.9,30.7
2541,1907,1,COOLING,29.9,30.5
2542,1908,1,COOLING,29.9,30.5
2543,1909,1,COOLING,29.9,30.5
2544,1910,1,COOLING,29.8,30.5
2545,1911,1,COOLING,29.8,30.5
2546,1912,1,COOLING,29.9,30.5
2547,1913,1,COOLING,29.8,30.2
2548,1914,1,COOLING,29.9,30.5
2550,1916,1,COOLING,29.8,30.7
2551,1917,1,COOLING,29.9,30.2
2552,1918,1,COOLING,29.8,30.5
2553,1919,1,COOLING,29.8,30.2
2554,1920,1,COOLING,29.9,30.7
2555,1921,1,COOLING,29.9,30.5
2557,1923,1,COOLING,29.9,30.7
2558,1924,1,COOLING,29.8,30.5
2559,1925,1,COOLING,29.9,31.0
2560,1926,1,COOLING,29.9,30.7
2561,1927,1,COOLING,29.9,30.7
2562,1928,1,COOLING,29.8,30.5
2563,1929,1,COOLING,29.9,30.7
2564,1930,1,COOLING,29.9,30.7
2566,1932,1,COOLING,29.8,30.5
2567,1933,1,COOLING,29.8,30.0
2568,1934,1,COOLING,29.8,30.0
2569,1935,1,COOLING,29.8,30.7
2570,1936,1,COOLING,29.8,30.2
2571,1937,1,COOLING,29.8,31.0
2573,1939,1,COOLING,29.8,30.5
2574,1940,1,COOLING,29.8,30.7
2575,1941,1,COOLING,29.8,30.2
2576,1942,1,COOLING,29.8,30.7
2577,1943,1,COOLING,29.8,30.2
2578,1944,1,COOLING,29.7,30.5
2579,1945,1,COOLING,29.8,30.5
2580,1946,1,COOLING,29.8,30.7
2582,1948,1,COOLING,29.8,30.5
2583,1949,1,COOLING,29.7,30.7
2584,1950,1,COOLING,29.8,30.5
2585,1951,1,COOLING,29.8,30.0
2586,1952,1,COOLING,29.7,30.5
2587,1953,1,COOLING,29.8,30.2
2589,1955,1,COOLING,29.8,30.5
2590,1956,1,COOLING,29.8,30.5
2591,1957,1,COOLING,29.7,30.5
2592,1958,1,COOLING,29.7,30.0
2593,1959,1,COOLING,29.8,30.5
2594,1960,1,COOLING,29.8,30.7
2595,1961,1,COOLING,29.8,30.7
2596,1962,1,COOLING,29.7,30.7
2598,1964,1,COOLING,29.7,30.5
2599,1965,1,COOLING,29.7,30.5
2600,1966,1,COOLING,29.8,30.0
2601,1967,1,COOLING,29.8,30.5
2602,1968,1,COOLING,29.7,30.2
2603,1969,1,COOLING,29.7,30.5
2605,1971,1,COOLING,29.7,30.2
2606,1972,1,COOLING,29.8,29.7
2607,1973,1,COOLING,29.7,30.5
2608,1974,1,COOLING,29.7,30.0
2609,1975,1,COOLING,29.7,30.7
2610,1976,1,COOLING,29.7,30.0
2611,1977,1,COOLING,29.7,30.5
2612,1978,1,COOLING,29.7,30.7
2614,1980,1,COOLING,29.7,30.5
2615,1981,1,COOLING,29.7,30.5
2616,1982,1,COOLING,29.7,30.2
2617,1983,1,COOLING,29.6,30.5
2618,1984,1,COOLING,29.7,30.5
2619,1985,1,COOLING,29.7,30.2
2621,1987,1,COOLING,29.7,30.5
2622,1988,1,COOLING,29.7,30.5
2623,1989,1,COOLING,29.7,30.5
2624,1990,1,COOLING,29.8,30.5
2625,1991,1,COOLING,29.8,30.5
2626,1992,1,COOLING,29.7,30.5
2627,1993,1,COOLING,29.6,30.5
2628,1994,1,COOLING,29.7,30.7
2630,1996,1,COOLING,29.7,30.5
2631,1997,1,COOLING,29.6,30.5
2632,1998,1,COOLING,29.7,30.5
2633,1999,1,COOLING,29.6,30.2
2634,2000,1,COOLING,29.6,30.2
2635,2001,1,COOLING,29.6,30.5
2637,2003,1,COOLING,29.7,30.5
2638,2004,1,COOLING,29.6,30.0
2639,2005,1,COOLING,29.6,30.5
2640,2006,1,COOLING,29.6,30.2
2641,2007,1,COOLING,29.6,30.0
2642,2008,1,COOLING,29.6,30.0
2643,2009,1,COOLING,29.6,30.5
2644,2010,1,COOLING,29.6,30.5
2646,2012,1,COOLING,29.6,30.5
2647,2013,1,COOLING,29.6,30.5
2648,2014,1,COOLING,29.6,30.5
2649,2015,1,COOLING,29.6,30.5
2650,2016,1,COOLING,29.7,30.5
2651,2017,1,COOLING,29.6,30.2
2653,2019,1,COOLING,29.6,30.5
2654,2020,1,COOLING,29.6,30.5
2655,2021,1,COOLING,29.6,30.5
2656,2022,1,COOLING,29.6,30.5
2657,2023,1,COOLING,29.6,30.5
2658,2024,1,COOLING,29.6,30.2
2659,2025,1,COOLING,29.6,30.2
2660,2026,1,COOLING,29.6,30.2
2662,2028,1,COOLING,29.6,30.5
2663,2029,1,COOLING,29.5,30.5
2664,2030,1,COOLING,29.6,30.5
2665,2031,1,COOLING,29.6,30.5
2666,2032,1,COOLING,29.6,30.5
2667,2033,1,COOLING,29.5,30.5
2669,2035,1,COOLING,29.6,30.2
2670,2036,1,COOLING,29.6,30.2
2671,2037,1,COOLING,29.6,30.5
2672,2038,1,COOLING,29.6,30.0
2673,2039,1,COOLING,29.6,29.5
2674,2040,1,COOLING,29.6,29.7
2675,2041,1,COOLING,29.6,30.2
2676,2042,1,COOLING,29.5,30.2
2678,2044,1,COOLING,29.5,30.2
2679,2045,1,COOLING,29.6,30.5
2680,2046,1,COOLING,29.6,30.5
2681,2047,1,COOLING,29.6,29.5
2682,2048,1,COOLING,29.6,30.2
2683,2049,1,COOLING,29.6,30.0
2685,2051,1,COOLING,29.6,30.0
2686,2052,1,COOLING,29.6,30.2
2687,2053,1,COOLING,29.6,30.5
2688,2054,1,COOLING,29.6,30.2
2689,2055,1,COOLING,29.5,30.2
2690,2056,1,COOLING,29.5,29.7
2691,2057,1,COOLING,29.2,30.2
2692,2058,1,COOLING,29.2,29.5
2694,2060,1,COOLING,29.4,29.0
2695,2061,1,COOLING,29.4,29.2
2696,2062,1,COOLING,29.3,29.2
2697,2063,1,COOLING,29.6,29.5
2698,2064,1,COOLING,29.6,30.0
2699,2065,1,COOLING,29.5,30.2
2701,2067,1,COOLING,29.6,30.2
2702,2068,1,COOLING,29.5,29.7
2703,2069,1,COOLING,29.5,30.2
2704,2070,1,COOLING,29.5,30.0
2705,2071,1,COOLING,29.5,30.0
2706,2072,1,COOLING,29.5,30.2
2707,2073,1,COOLING,29.5,30.2
2708,2074,1,COOLING,29.5,30.2
2710,2076,1,COOLING,29.4,30.0
2711,2077,1,COOLING,29.5,30.0
2712,2078,1,COOLING,29.5,29.7
2713,2079,1,COOLING,29.4,30.2
2714,2080,1,COOLING,29.5,30.2
2715,2081,1,COOLING,29.4,29.7
2717,2083,1,COOLING,29.5,30.2
2718,2084,1,COOLING,29.5,29.5
2719,2085,1,COOLING,29.4,30.2
2720,2086,1,COOLING,29.5,30.0
2721,2087,1,COOLING,29.5,30.2
2722,2088,1,COOLING,29.5,30.0
2723,2089,1,COOLING,29.5,30.5
2724,2090,1,COOLING,29.5,30.5
2726,2092,1,COOLING,29.5,30.0
2727,2093,1,COOLING,29.5,30.5
2728,2094,1,COOLING,29.5,30.5
2729,2095,1,COOLING,29.5,30.2
2730,2096,1,COOLING,29.5,30.2
2731,2097,1,COOLING,29.4,29.7
2733,2099,1,COOLING,29.1,30.0
2734,2100,1,COOLING,29.2,29.7
2735,2101,1,COOLING,29.4,29.5
2736,2102,1,COOLING,29.4,29.0
2737,2103,1,COOLING,29.5,30.0
2738,2104,1,COOLING,29.5,29.5
2739,2105,1,COOLING,29.4,29.5
2740,2106,1,COOLING,29.4,30.0
2742,2108,1,COOLING,29.4,30.0
2743,2109,1,COOLING,29.4,30.0
2744,2110,1,COOLING,29.4,30.0
2745,2111,1,COOLING,29.4,30.2
2746,2112,1,COOLING,29.4,30.2
2747,2113,1,COOLING,29.3,30.2
2749,2115,1,COOLING,29.4,30.5
2750,2116,1,COOLING,29.3,29.7
2751,2117,1,COOLING,29.3,30.2
2752,2118,1,COOLING,29.3,30.0
2753,2119,1,COOLING,29.3,29.5
2754,2120,1,COOLING,29.3,29.5
2755,2121,1,COOLING,29.3,30.2
2756,2122,1,COOLING,29.3,30.0
2758,2124,1,COOLING,29.4,29.7
2759,2125,1,COOLING,29.3,30.2
2760,2126,1,COOLING,29.3,29.7
2761,2127,1,COOLING,29.4,30.5
2762,2128,1,COOLING,29.3,30.2
2763,2129,1,COOLING,29.3,30.5
2765,2131,1,COOLING,29.3,29.7
2766,2132,1,COOLING,29.4,30.0
2767,2133,1,COOLING,29.3,30.2
2768,2134,1,COOLING,29.3,29.7
2769,2135,1,COOLING,29.4,29.7
2770,2136,1,COOLING,29.4,30.0
2771,2137,1,COOLING,29.4,30.2
2772,2138,1,COOLING,29.4,30.2
2774,2140,1,COOLING,29.3,30.2
2775,2141,1,COOLING,29.3,30.0
2776,2142,1,COOLING,29.3,29.7
2777,2143,1,COOLING,29.3,30.0
2778,2144,1,COOLING,29.3,30.2
2779,2145,1,COOLING,29.3,30.0
2781,2147,1,COOLING,29.2,30.2
2782,2148,1,COOLING,29.2,29.7
2783,2149,1,COOLING,29.2,30.2
2784,2150,1,COOLING,29.3,30.2
2785,2151,1,COOLING,29.2,30.2
2786,2152,1,COOLING,29.3,30.2
2787,2153,1,COOLING,29.3,29.7
2788,2154,1,COOLING,29.2,30.2
2790,2156,1,COOLING,29.2,29.7
2791,2157,1,COOLING,29.3,30.0
2792,2158,1,COOLING,29.3,29.7
2793,2159,1,COOLING,29.3,30.2
2794,2160,1,COOLING,29.2,30.2
2795,2161,1,COOLING,29.3,30.2
2797,2163,1,COOLING,29.3,30.2
2798,2164,1,COOLING,29.3,30.5
2799,2165,1,COOLING,29.2,30.0
2800,2166,1,COOLING,29.2,29.7
2801,2167,1,COOLING,29.2,29.7
2802,2168,1,COOLING,29.3,30.0
2803,2169,1,COOLING,29.3,30.0
2804,2170,1,COOLING,29.3,30.2
2806,2172,1,COOLING,29.2,30.2
2807,2173,1,COOLING,29.3,30.2
2808,2174,1,COOLING,29.2,29.7
2809,2175,1,COOLING,29.2,29.7
2810,2176,1,COOLING,29.3,30.2
2811,2177,1,COOLING,29.2,29.7
2813,2179,1,COOLING,29.2,29.7
2814,2180,1,COOLING,29.2,29.7
2815,2181,1,COOLING,29.2,29.7
2816,2182,1,COOLING,29.2,29.5
2817,2183,1,COOLING,29.2,30.2
2818,2184,1,COOLING,29.2,29.7
2819,2185,1,COOLING,29.2,30.2
2820,2186,1,COOLING,29.3,30.2
2822,2188,1,COOLING,29.2,30.0
2823,2189,1,COOLING,29.2,29.7
2824,2190,1,COOLING,29.2,30.2
2825,2191,1,COOLING,29.2,30.0
2826,2192,1,COOLING,29.2,30.2
2827,2193,1,COOLING,29.2,30.0
2829,2195,1,COOLING,29.2,29.7
2830,2196,1,COOLING,29.2,29.7
2831,2197,1,COOLING,29.2,30.0
2832,2198,1,COOLING,29.2,30.2
2833,2199,1,COOLING,29.2,29.7
2834,2200,1,COOLING,29.2,29.5
2835,2201,1,COOLING,29.2,30.2
2836,2202,1,COOLING,29.2,30.0
2838,2204,1,COOLING,29.1,30.0
2839,2205,1,COOLING,29.2,30.0
2840,2206,1,COOLING,29.2,29.7
2841,2207,1,COOLING,29.2,29.5
2842,2208,1,COOLING,29.2,29.7
2843,2209,1,COOLING,29.2,29.7
2845,2211,1,COOLING,29.2,29.7
2846,2212,1,COOLING,29.2,30.0
2847,2213,1,COOLING,29.2,29.7
2848,2214,1,COOLING,29.2,29.5
2849,2215,1,COOLING,29.2,30.0
2850,2216,1,COOLING,29.2,29.7
2851,2217,1,COOLING,29.2,30.2
2852,2218,1,COOLING,29.2,30.2
2854,2220,1,COOLING,29.2,30.0
2855,2221,1,COOLING,29.2,30.2
2856,2222,1,COOLING,29.2,30.0
2857,2223,1,COOLING,29.1,30.2
2858,2224,1,COOLING,29.2,30.0
2859,2225,1,COOLING,29.2,30.2
2861,2227,1,COOLING,29.2,29.2
2862,2228,1,COOLING,29.2,29.5
2863,2229,1,COOLING,29.2,30.2
2864,2230,1,COOLING,29.2,29.7
2865,2231,1,COOLING,29.2,29.7
2866,2232,1,COOLING,29.2,30.0
2867,2233,1,COOLING,29.2,30.2
2868,2234,1,COOLING,29.1,30.0
2870,2236,1,COOLING,29.2,30.0
2871,2237,1,COOLING,29.1,29.7
2872,2238,1,COOLING,29.2,30.0
2873,2239,1,COOLING,29.2,29.5
2874,2240,1,COOLING,29.1,30.0
2875,2241,1,COOLING,29.1,30.0
2877,2243,1,COOLING,29.1,29.7
2878,2244,1,COOLING,29.1,30.0
2879,2245,1,COOLING,29.1,30.0
2880,2246,1,COOLING,29.1,30.0
2881,2247,1,COOLING,29.1,30.0
2882,2248,1,COOLING,29.2,30.2
2883,2249,1,COOLING,29.1,30.0
2884,2250,1,COOLING,29.2,30.2
2886,2252,1,COOLING,29.1,30.0
2887,2253,1,COOLING,29.0,30.0
2888,2254,1,COOLING,29.2,30.2
2889,2255,1,COOLING,29.1,30.0
2890,2256,1,COOLING,29.1,30.0
2891,2257,1,COOLING,29.1,29.7
2893,2259,1,COOLING,29.1,29.7
2894,2260,1,COOLING,29.1,29.5
2895,2261,1,COOLING,29.2,30.0
2896,2262,1,COOLING,29.1,30.0
2897,2263,1,COOLING,29.1,30.0
2898,2264,1,COOLING,29.1,29.7
2899,2265,1,COOLING,29.2,29.7
2900,2266,1,COOLING,29.1,29.7
2902,2268,1,COOLING,29.1,29.7
2903,2269,1,COOLING,29.1,29.5
2904,2270,1,COOLING,29.1,29.7
2905,2271,1,COOLING,29.1,29.5
2906,2272,1,COOLING,29.1,30.0
2907,2273,1,COOLING,29.1,30.0
2909,2275,1,COOLING,29.1,30.0
2910,2276,1,COOLING,29.1,30.0
2911,2277,1,COOLING,29.1,30.0
2912,2278,1,COOLING,29.2,30.0
2913,2279,1,COOLING,29.1,30.2
2914,2280,1,COOLING,29.1,29.2
2915,2281,1,COOLING,29.1,30.0
2916,2282,1,COOLING,29.1,30.0
2918,2284,1,COOLING,29.1,29.5
2919,2285,1,COOLING,29.1,29.7
2920,2286,1,COOLING,29.0,29.5
2921,2287,1,COOLING,29.0,29.7
2922,2288,1,COOLING,29.0,30.0
2923,2289,1,COOLING,29.1,29.5
2925,2291,1,COOLING,29.1,30.0
2926,2292,1,COOLING,29.0,30.0
2927,2293,1,COOLING,29.1,29.7
2928,2294,1,COOLING,29.0,29.5
2929,2295,1,COOLING,29.0,30.2
2930,2296,1,COOLING,29.1,29.2
2931,2297,1,COOLING,29.0,29.2
2932,2298,1,COOLING,29.0,29.7
2934,2300,1,COOLING,29.0,29.7
2935,2301,1,COOLING,29.1,29.7
2936,2302,1,COOLING,29.1,29.5
2937,2303,1,COOLING,29.0,29.7
2938,2304,1,COOLING,29.0,30.0
2939,2305,1,COOLING,29.0,30.0
2941,2307,1,COOLING,29.0,29.2
2942,2308,1,COOLING,29.0,30.2
2943,2309,1,COOLING,29.0,29.2
2944,2310,1,COOLING,29.1,29.2
2945,2311,1,COOLING,29.0,30.0
2946,2312,1,COOLING,29.0,30.0
2947,2313,1,COOLING,29.0,29.7
2948,2314,1,COOLING,29.0,29.7
2950,2316,1,COOLING,29.0,30.0
2951,2317,1,COOLING,29.0,29.5
2952,2318,1,COOLING,29.0,29.2
2953,2319,1,COOLING,29.0,29.0
2954,2320,1,COOLING,29.0,29.7
2955,2321,1,COOLING,29.0,30.0
2957,2323,1,COOLING,29.0,29.5
2958,2324,1,COOLING,29.0,29.7
2959,2325,1,COOLING,29.0,30.0
2960,2326,1,COOLING,29.0,29.7
2961,2327,1,COOLING,29.0,30.2
2962,2328,1,COOLING,29.0,29.5
2963,2329,1,COOLING,29.0,29.5
2964,2330,1,COOLING,29.0,29.5
2966,2332,1,COOLING,29.0,30.2
2967,2333,1,COOLING,29.0,30.0
2968,2334,1,COOLING,29.0,29.5
2969,2335,1,COOLING,29.0,30.0
2970,2336,1,COOLING,29.0,30.0
2971,2337,1,COOLING,28.9,29.2
2973,2339,1,COOLING,29.0,30.0
2974,2340,1,COOLING,29.0,29.5
2975,0,1,STABILIZING,29.0,29.0
2977,2,1,STABILIZING,29.0,30.0
2978,3,1,STABILIZING,28.7,29.5
2979,4,1,STABILIZING,28.8,29.0
2980,0,2,PRE-HEAT,28.7,29.2
2981,1,2,PRE-HEAT,28.8,29.0
2982,2,2,PRE-HEAT,29.3,30.7
2983,3,2,PRE-HEAT,29.7,32.0
2985,5,2,PRE-HEAT,29.6,34.0
2987,7,2,PRE-HEAT,29.6,34.5
2988,8,2,PRE-HEAT,29.7,34.7
2989,9,2,PRE-HEAT,29.7,34.5
2990,10,2,PRE-HEAT,29.9,35.0
2992,0,2,HEATING,30.0,35.7
2994,2,2,HEATING,30.2,35.2
2995,3,2,HEATING,30.2,36.0
2996,4,2,HEATING,30.3,36.2
2998,6,2,HEATING,30.4,36.2
2999,7,2,HEATING,30.5,36.2
3000,8,2,HEATING,30.5,36.5
3001,9,2,HEATING,30.6,36.2
3002,10,2,HEATING,30.7,36.7
3003,11,2,HEATING,30.8,36.7
3005,13,2,HEATING,31.0,37.0
3006,14,2,HEATING,31.1,37.2
3007,15,2,HEATING,31.2,37.2
3008,16,2,HEATING,31.3,37.0
3009,17,2,HEATING,31.4,37.7
3010,18,2,HEATING,31.5,37.5
3011,19,2,HEATING,31.6,37.7
3012,20,2,HEATING,31.8,37.7
3014,22,2,HEATING,31.9,37.2
3015,23,2,HEATING,32.0,38.0
3016,24,2,HEATING,32.1,37.7
3017,25,2,HEATING,32.1,38.2
3018,26,2,HEATING,32.2,37.7
3019,27,2,HEATING,32.3,38.7
3021,29,2,HEATING,32.4,38.2
3022,30,2,HEATING,32.5,39.0
3023,31,2,HEATING,32.6,39.0
3024,32,2,HEATING,32.6,38.7
3025,33,2,HEATING,32.7,38.7
3026,34,2,HEATING,32.9,39.0
3027,35,2,HEATING,32.9,39.2
3028,36,2,HEATING,32.9,39.2
3030,38,2,HEATING,33.1,39.5
3031,39,2,HEATING,33.1,39.5
3032,40,2,HEATING,33.3,39.5
3033,41,2,HEATING,33.3,39.2
3034,42,2,HEATING,33.4,40.0
3035,43,2,HEATING,33.5,40.0
3037,45,2,HEATING,33.7,40.2
3038,46,2,HEATING,33.7,39.5
3039,47,2,HEATING,33.8,40.0
3040,48,2,HEATING,33.9,40.2
3041,49,2,HEATING,34.0,39.7
3042,50,2,HEATING,34.0,40.5
3043,51,2,HEATING,34.1,40.7
3044,52,2,HEATING,34.2,40.5
3046,54,2,HEATING,34.4,40.5
3047,55,2,HEATING,34.4,40.2
3048,56,2,HEATING,34.5,40.5
3049,57,2,HEATING,34.5,41.0
3050,58,2,HEATING,34.6,41.0
3051,59,2,HEATING,34.7,41.2
3053,61,2,HEATING,34.8,41.2
3054,62,2,HEATING,35.0,41.2
3055,63,2,HEATING,35.0,41.2
3056,64,2,HEATING,35.1,41.2
3057,65,2,HEATING,35.1,41.2
3058,66,2,HEATING,35.2,41.0
3059,67,2,HEATING,35.2,42.0
3060,68,2,HEATING,35.3,42.0
3062,70,2,HEATING,35.5,41.7
3063,71,2,HEATING,35.6,42.0
3064,72,2,HEATING,35.6,42.0
3065,73,2,HEATING,35.7,41.5
3066,74,2,HEATING,35.7,42.0
3067,75,2,HEATING,35.8,42.0
3069,77,2,HEATING,36.0,42.2
3070,78,2,HEATING,36.1,41.7
3071,79,2,HEATING,36.2,42.2
3072,80,2,HEATING,36.3,42.0
3073,81,2,HEATING,36.4,42.5
3074,82,2,HEATING,36.4,42.2
3075,83,2,HEATING,36.5,42.0
3076,84,2,HEATING,36.6,42.7
3078,86,2,HEATING,36.7,42.2
3079,87,2,HEATING,36.8,43.0
3080,88,2,HEATING,36.8,42.5
3081,89,2,HEATING,36.9,43.0
3082,90,2,HEATING,37.0,42.7
3083,91,2,HEATING,37.0,42.7
3085,93,2,HEATING,37.1,43.2
3086,94,2,HEATING,37.2,43.0
3087,95,2,HEATING,37.2,43.2
3088,96,2,HEATING,37.4,43.2
3089,97,2,HEATING,37.4,43.2
3090,98,2,HEATING,37.5,43.5
3091,99,2,HEATING,37.5,43.0
3092,100,2,HEATING,37.6,43.7
3094,102,2,HEATING,37.7,44.0
3095,103,2,HEATING,37.8,43.5
3096,104,2,HEATING,37.9,43.5
3097,105,2,HEATING,38.0,43.5
3098,106,2,HEATING,38.0,43.7
3099,107,2,HEATING,38.1,43.7
3101,109,2,HEATING,38.2,43.2
3102,110,2,HEATING,38.4,44.2
3103,111,2,HEATING,38.5,44.0
3104,112,2,HEATING,38.5,43.2
3105,113,2,HEATING,38.7,44.2
3106,114,2,HEATING,38.7,44.5
3107,115,2,HEATING,38.7,44.2
3108,116,2,HEATING,38.8,44.2
3110,118,2,HEATING,39.0,44.5
3111,119,2,HEATING,39.0,44.0
3112,120,2,HEATING,39.0,45.0
3113,121,2,HEATING,39.0,44.7
3114,122,2,HEATING,39.1,44.7
3115,123,2,HEATING,39.2,44.5
3117,125,2,HEATING,39.3,45.0
3118,126,2,HEATING,39.4,45.0
3119,127,2,HEATING,39.4,44.7
3120,128,2,HEATING,39.5,45.2
3121,129,2,HEATING,39.6,45.0
3122,130,2,HEATING,39.6,45.0
3123,131,2,HEATING,39.7,45.0
3124,132,2,HEATING,39.7,45.2
3126,134,2,HEATING,39.9,45.2
3127,135,2,HEATING,39.9,45.5
3128,136,2,HEATING,40.0,45.5
3129,137,2,HEATING,40.1,45.2
3130,138,2,HEATING,40.2,45.5
3131,139,2,HEATING,40.2,45.7
3133,141,2,HEATING,40.3,45.7
3134,142,2,HEATING,40.5,45.5
3135,143,2,HEATING,40.6,46.0
3136,144,2,HEATING,40.6,45.7
3137,145,2,HEATING,40.6,45.7
3138,146,2,HEATING,40.7,46.0
3139,147,2,HEATING,40.7,46.0
3140,148,2,HEATING,40.8,45.7
3142,150,2,HEATING,40.9,46.2
3143,151,2,HEATING,41.0,46.2
3144,152,2,HEATING,41.0,46.2
3145,153,2,HEATING,41.1,46.5
3146,154,2,HEATING,41.2,46.7
3147,155,2,HEATING,41.2,46.5
3149,157,2,HEATING,41.3,46.2
3150,158,2,HEATING,41.4,46.5
3151,159,2,HEATING,41.5,46.2
3152,160,2,HEATING,41.5,46.5
3153,161,2,HEATING,41.6,46.7
3154,162,2,HEATING,41.7,46.7
3155,163,2,HEATING,41.7,46.7
3156,164,2,HEATING,41.8,46.7
3158,166,2,HEATING,42.0,46.5
3159,167,2,HEATING,42.0,46.7
3160,168,2,HEATING,42.1,47.0
3161,169,2,HEATING,42.1,47.0
3162,170,2,HEATING,42.1,47.0
3163,171,2,HEATING,42.2,47.2
3165,173,2,HEATING,42.3,47.0
3166,174,2,HEATING,42.4,47.0
3167,175,2,HEATING,42.6,47.2
3168,176,2,HEATING,42.6,47.2
3169,177,2,HEATING,42.7,47.5
3170,178,2,HEATING,42.7,47.5
3171,179,2,HEATING,42.7,47.7
3172,180,2,HEATING,42.7,47.5
3174,182,2,HEATING,42.9,48.0
3175,183,2,HEATING,42.9,47.7
3176,184,2,HEATING,43.0,47.5
3177,185,2,HEATING,43.0,48.0
3178,186,2,HEATING,43.2,48.0
3179,187,2,HEATING,43.3,47.5
3181,189,2,HEATING,43.5,47.5
3182,190,2,HEATING,43.5,47.7
3183,191,2,HEATING,43.5,48.0
3184,192,2,HEATING,43.6,48.2
3185,193,2,HEATING,43.6,48.5
3186,194,2,HEATING,43.7,48.0
3187,195,2,HEATING,43.7,48.5
3188,196,2,HEATING,43.8,47.7
3190,198,2,HEATING,43.9,48.2
3191,199,2,HEATING,43.9,48.0
3192,200,2,HEATING,44.0,48.7
3193,201,2,HEATING,44.0,48.5
3194,202,2,HEATING,44.1,48.5
3195,203,2,HEATING,44.2,48.7
3197,205,2,HEATING,44.3,48.5
3198,206,2,HEATING,44.4,48.7
3199,207,2,HEATING,44.5,48.7
3200,208,2,HEATING,44.5,48.7
3201,209,2,HEATING,44.5,48.7
3202,210,2,HEATING,44.6,49.0
3203,211,2,HEATING,44.5,49.0
3204,212,2,HEATING,44.6,49.0
3206,214,2,HEATING,44.8,49.2
3207,215,2,HEATING,44.9,49.5
3208,216,2,HEATING,44.9,49.0
3209,217,2,HEATING,44.9,49.5
3210,218,2,HEATING,45.0,49.2
3211,219,2,HEATING,45.1,49.2
3213,221,2,HEATING,45.3,49.5
3214,222,2,HEATING,45.4,49.0
3215,223,2,HEATING,45.5,49.5
3216,224,2,HEATING,45.5,49.2
3217,225,2,HEATING,45.5,49.5
3218,226,2,HEATING,45.5,50.0
3219,227,2,HEATING,45.6,50.0
3220,228,2,HEATING,45.6,49.5
3222,230,2,HEATING,45.7,50.0
3223,231,2,HEATING,45.6,50.0
3224,232,2,HEATING,45.8,49.5
3225,233,2,HEATING,46.0,50.2
3226,234,2,HEATING,46.1,49.7
3227,235,2,HEATING,46.1,50.2
3229,237,2,HEATING,46.2,50.5
3230,238,2,HEATING,46.3,50.0
3231,239,2,HEATING,46.3,50.0
3232,240,2,HEATING,46.3,50.5
3233,241,2,HEATING,46.4,50.5
3234,242,2,HEATING,46.4,50.2
3235,243,2,HEATING,46.5,50.7
3236,244,2,HEATING,46.5,50.5
3238,246,2,HEATING,46.6,50.5
3239,247,2,HEATING,46.7,50.5
3240,248,2,HEATING,46.7,50.5
3241,249,2,HEATING,46.8,51.0
3242,250,2,HEATING,46.9,50.7
3243,251,2,HEATING,47.0,50.5
3245,253,2,HEATING,47.1,51.0
3246,254,2,HEATING,47.1,51.0
3247,255,2,HEATING,47.1,51.2
3248,256,2,HEATING,47.1,51.0
3249,257,2,HEATING,47.2,50.7
3250,258,2,HEATING,47.2,51.0
3251,259,2,HEATING,47.3,51.2
3252,260,2,HEATING,47.3,50.7
3254,262,2,HEATING,47.5,51.5
3255,263,2,HEATING,47.5,51.5
3256,264,2,HEATING,47.5,50.7
3257,265,2,HEATING,47.7,51.0
3258,266,2,HEATING,47.9,51.5
3259,267,2,HEATING,47.9,51.7
3261,269,2,HEATING,47.9,51.2
3262,270,2,HEATING,48.0,51.7
3263,271,2,HEATING,48.0,51.7
3264,272,2,HEATING,48.1,51.7
3265,273,2,HEATING,48.1,51.7
3266,274,2,HEATING,48.1,51.7
3267,275,2,HEATING,48.2,52.2
3268,276,2,HEATING,48.3,52.0
3270,278,2,HEATING,48.4,52.0
3271,279,2,HEATING,48.4,52.0
3272,280,2,HEATING,48.5,51.7
3273,281,2,HEATING,48.5,52.2
3274,282,2,HEATING,48.5,52.2
3275,283,2,HEATING,48.6,52.5
3277,285,2,HEATING,48.7,52.2
3278,286,2,HEATING,48.7,52.2
3279,287,2,HEATING,48.8,52.5
3280,288,2,HEATING,48.9,52.0
3281,289,2,HEATING,48.9,52.0
3282,290,2,HEATING,48.9,52.5
3283,291,2,HEATING,49.0,52.2
3284,292,2,HEATING,49.0,52.5
3286,294,2,HEATING,49.1,52.2
3287,295,2,HEATING,49.2,52.5
3288,296,2,HEATING,49.2,52.7
3289,297,2,HEATING,49.3,52.2
3290,298,2,HEATING,49.4,53.0
3291,299,2,HEATING,49.4,52.7
3293,301,2,HEATING,49.5,52.7
3294,302,2,HEATING,49.5,53.0
3295,303,2,HEATING,49.5,52.7
3296,304,2,HEATING,49.6,53.2
3297,305,2,HEATING,49.7,53.0
3298,306,2,HEATING,49.7,53.2
3299,307,2,HEATING,49.8,52.7
3300,308,2,HEATING,49.9,53.2
3302,310,2,HEATING,49.9,53.2
3303,311,2,HEATING,50.0,53.2
3304,312,2,HEATING,50.1,53.2
3305,313,2,HEATING,50.1,53.2
3306,314,2,HEATING,50.2,53.2
3307,315,2,HEATING,50.2,53.7
3309,317,2,HEATING,50.3,53.7
3310,318,2,HEATING,50.3,53.5
3311,319,2,HEATING,50.4,53.7
3312,320,2,HEATING,50.4,53.2
3313,321,2,HEATING,50.5,53.5
3314,322,2,HEATING,50.5,53.2
3315,323,2,HEATING,50.5,53.5
3316,324,2,HEATING,50.6,53.7
3318,326,2,HEATING,50.7,53.7
3319,327,2,HEATING,50.8,53.7
3320,328,2,HEATING,50.8,54.2
3321,329,2,HEATING,50.9,53.7
3322,330,2,HEATING,51.0,54.0
3323,331,2,HEATING,51.0,53.7
3325,333,2,HEATING,51.1,54.5
3326,334,2,HEATING,51.1,54.2
3327,335,2,HEATING,51.2,54.0
3328,336,2,HEATING,51.2,54.2
3329,337,2,HEATING,51.3,54.5
3330,338,2,HEATING,51.2,54.5
3331,339,2,HEATING,51.4,54.5
3332,340,2,HEATING,51.5,54.0
3334,342,2,HEATING,51.5,54.7
3335,343,2,HEATING,51.5,54.7
3336,344,2,HEATING,51.6,54.7
3337,345,2,HEATING,51.6,54.7
3338,346,2,HEATING,51.7,54.5
3339,347,2,HEATING,51.7,54.2
3341,349,2,HEATING,51.8,55.0
3342,350,2,HEATING,51.9,55.0
3343,351,2,HEATING,51.9,54.7
3344,352,2,HEATING,52.0,54.7
3345,353,2,HEATING,52.0,55.0
3346,354,2,HEATING,52.0,55.0
3347,355,2,HEATING,52.1,54.5
3348,356,2,HEATING,52.1,55.2
3350,358,2,HEATING,52.2,55.2
3351,359,2,HEATING,52.3,55.0
3352,360,2,HEATING,52.4,55.0
3353,361,2,HEATING,52.4,55.2
3354,362,2,HEATING,52.4,55.7
3355,363,2,HEATING,52.4,55.2
3357,365,2,HEATING,52.6,55.0
3358,366,2,HEATING,52.6,55.5
3359,367,2,HEATING,52.7,55.5
3360,368,2,HEATING,52.7,55.2
3361,369,2,HEATING,52.7,55.5
3362,370,2,HEATING,52.8,55.2
3363,371,2,HEATING,52.9,55.7
3364,372,2,HEATING,52.9,55.7
3366,374,2,HEATING,53.0,55.5
3367,375,2,HEATING,53.1,55.5
3368,376,2,HEATING,53.1,55.7
3369,377,2,HEATING,53.1,55.5
3370,378,2,HEATING,53.1,55.7
3371,379,2,HEATING,53.2,55.7
3373,381,2,HEATING,53.3,56.0
3374,382,2,HEATING,53.3,56.2
3375,383,2,HEATING,53.4,56.2
3376,384,2,HEATING,53.4,56.5
3377,385,2,HEATING,53.5,56.0
3378,386,2,HEATING,53.6,56.5
3379,387,2,HEATING,53.5,56.2
3380,388,2,HEATING,53.6,56.2
3382,390,2,HEATING,53.7,56.5
3383,391,2,HEATING,53.8,56.2
3384,392,2,HEATING,53.8,56.2
3385,393,2,HEATING,53.9,56.7
3386,394,2,HEATING,53.9,56.7
3387,395,2,HEATING,53.9,56.0
3389,397,2,HEATING,54.0,56.5
3390,398,2,HEATING,54.0,56.7
3391,399,2,HEATING,54.1,57.0
3392,400,2,HEATING,54.1,56.7
3393,401,2,HEATING,54.2,57.0
3394,402,2,HEATING,54.2,57.0
3395,403,2,HEATING,54.3,57.0
3396,404,2,HEATING,54.3,56.7
3398,406,2,HEATING,54.4,57.0
3399,407,2,HEATING,54.5,56.7
3400,408,2,HEATING,54.5,57.0
3401,409,2,HEATING,54.6,57.2
3402,410,2,HEATING,54.6,56.7
3403,411,2,HEATING,54.6,57.2
3405,413,2,HEATING,54.7,57.2
3406,414,2,HEATING,54.8,57.2
3407,415,2,HEATING,54.8,57.5
3408,416,2,HEATING,54.9,57.5
3409,417,2,HEATING,55.0,57.5
3410,418,2,HEATING,54.9,57.5
3411,419,2,HEATING,54.9,57.7
3412,420,2,HEATING,55.0,57.2
3414,422,2,HEATING,55.0,57.5
3415,423,2,HEATING,55.1,57.5
3416,424,2,HEATING,55.2,57.5
3417,425,2,HEATING,55.2,58.0
3418,426,2,HEATING,55.3,58.0
3419,427,2,HEATING,55.3,57.2
3421,429,2,HEATING,55.4,58.0
3422,430,2,HEATING,55.4,57.7
3423,431,2,HEATING,55.5,58.2
3424,432,2,HEATING,55.6,58.2
3425,433,2,HEATING,55.6,58.0
3426,434,2,HEATING,55.6,57.5
3427,435,2,HEATING,55.6,58.0
3428,436,2,HEATING,55.7,58.2
3430,438,2,HEATING,55.7,58.2
3431,439,2,HEATING,55.8,58.0
3432,440,2,HEATING,55.9,58.0
3433,441,2,HEATING,55.9,58.0
3434,442,2,HEATING,56.0,58.5
3435,443,2,HEATING,56.0,58.7
3437,445,2,HEATING,56.1,58.5
3438,446,2,HEATING,56.2,58.5
3439,447,2,HEATING,56.2,58.7
3440,448,2,HEATING,56.2,58.7
3441,449,2,HEATING,56.2,58.7
3442,450,2,HEATING,56.3,58.7
3443,451,2,HEATING,56.3,58.7
3444,452,2,HEATING,56.3,58.5
3446,454,2,HEATING,56.4,58.7
3447,455,2,HEATING,56.5,58.7
3448,456,2,HEATING,56.5,59.0
3449,457,2,HEATING,56.6,59.0
3450,458,2,HEATING,56.6,59.0
3451,459,2,HEATING,56.6,58.7
3453,461,2,HEATING,56.6,59.2
3454,462,2,HEATING,56.7,59.2
3455,463,2,HEATING,56.8,59.2
3456,464,2,HEATING,56.9,59.2
3457,465,2,HEATING,56.9,59.2
3458,466,2,HEATING,57.0,59.2
3459,467,2,HEATING,57.0,59.7
3460,468,2,HEATING,57.0,59.5
3462,470,2,HEATING,57.1,59.2
3463,471,2,HEATING,57.1,59.5
3464,472,2,HEATING,57.1,59.5
3465,473,2,HEATING,57.1,59.5
3466,474,2,HEATING,57.2,59.7
3467,475,2,HEATING,57.2,59.5
3469,477,2,HEATING,57.4,59.5
3470,478,2,HEATING,57.4,59.5
3471,479,2,HEATING,57.5,59.7
3472,480,2,HEATING,57.5,59.5
3473,481,2,HEATING,57.6,59.7
3474,482,2,HEATING,57.6,59.7
3475,483,2,HEATING,57.6,59.7
3476,484,2,HEATING,57.6,59.5
3478,486,2,HEATING,57.7,60.2
3479,487,2,HEATING,57.8,60.0
3480,488,2,HEATING,57.8,59.7
3481,489,2,HEATING,57.9,59.7
3482,490,2,HEATING,57.9,60.2
3483,491,2,HEATING,58.0,60.0
3485,493,2,HEATING,58.0,60.5
3486,494,2,HEATING,58.1,60.2
3487,495,2,HEATING,58.0,59.7
3488,496,2,HEATING,58.0,60.0
3489,497,2,HEATING,58.1,60.5
3490,498,2,HEATING,58.1,60.2
3491,499,2,HEATING,58.1,60.5
3492,500,2,HEATING,58.2,60.7
3494,502,2,HEATING,58.4,60.2
3495,503,2,HEATING,58.4,60.2
3496,504,2,HEATING,58.4,60.5
3497,505,2,HEATING,58.5,60.7
3498,506,2,HEATING,58.5,60.5
3499,507,2,HEATING,58.5,61.0
3501,509,2,HEATING,58.6,60.5
3502,510,2,HEATING,58.6,60.5
3503,511,2,HEATING,58.7,60.7
3504,512,2,HEATING,58.7,60.7
3505,513,2,HEATING,58.7,61.0
3506,514,2,HEATING,58.8,61.0
3507,515,2,HEATING,58.8,61.0
3508,516,2,HEATING,58.9,61.0
3510,518,2,HEATING,59.0,61.2
3511,519,2,HEATING,59.0,61.2
3512,520,2,HEATING,59.0,60.7
3513,521,2,HEATING,59.0,61.2
3514,522,2,HEATING,59.1,61.5
3515,523,2,HEATING,59.1,61.0
3517,525,2,HEATING,59.1,61.5
3518,526,2,HEATING,59.2,61.5
3519,527,2,HEATING,59.2,61.7
3520,528,2,HEATING,59.2,61.2
3521,529,2,HEATING,59.4,61.2
3522,530,2,HEATING,59.4,61.5
3523,531,2,HEATING,59.4,61.7
3524,532,2,HEATING,59.5,61.7
3526,534,2,HEATING,59.5,61.5
3527,535,2,HEATING,59.6,61.5
3528,536,2,HEATING,59.6,61.0
3529,537,2,HEATING,59.7,62.0
3530,538,2,HEATING,59.7,62.0
3531,539,2,HEATING,59.7,62.0
3533,541,2,HEATING,59.8,61.7
3534,542,2,HEATING,59.8,62.2
3535,543,2,HEATING,59.9,62.0
3536,544,2,HEATING,59.9,62.2
3537,545,2,HEATING,59.9,62.0
3538,546,2,HEATING,60.0,62.2
3539,547,2,HEATING,60.0,62.2
3540,548,2,HEATING,60.0,62.2
3542,550,2,HEATING,60.1,62.2
3543,551,2,HEATING,60.1,62.5
3544,552,2,HEATING,60.1,62.0
3545,553,2,HEATING,60.2,62.5
3546,554,2,HEATING,60.2,62.5
3547,555,2,HEATING,60.3,62.0
3549,557,2,HEATING,60.4,62.7
3550,558,2,HEATING,60.4,62.7
3551,559,2,HEATING,60.4,62.2
3552,560,2,HEATING,60.5,62.5
3553,561,2,HEATING,60.5,62.5
3554,562,2,HEATING,60.5,62.2
3555,563,2,HEATING,60.6,62.7
3556,564,2,HEATING,60.6,62.2
3558,566,2,HEATING,60.7,62.5
3559,567,2,HEATING,60.7,62.7
3560,568,2,HEATING,60.8,63.0
3561,569,2,HEATING,60.8,62.7
3562,570,2,HEATING,60.8,63.0
3563,571,2,HEATING,60.9,63.2
3565,573,2,HEATING,61.0,63.2
3566,574,2,HEATING,60.9,63.5
3567,575,2,HEATING,61.0,63.5
3568,576,2,HEATING,61.0,63.5
3569,577,2,HEATING,61.0,63.0
3570,578,2,HEATING,61.1,62.5
3571,579,2,HEATING,61.1,63.0
3572,580,2,HEATING,61.1,62.7
3574,582,2,HEATING,61.2,63.0
3575,583,2,HEATING,61.2,63.5
3576,584,2,HEATING,61.3,63.7
3577,585,2,HEATING,61.3,63.2
3578,586,2,HEATING,61.4,63.7
3579,587,2,HEATING,61.4,63.7
3581,589,2,HEATING,61.5,64.0
3582,590,2,HEATING,61.5,63.5
3583,591,2,HEATING,61.5,63.7
3584,592,2,HEATING,61.6,63.7
3585,593,2,HEATING,61.6,64.0
3586,594,2,HEATING,61.6,64.0
3587,595,2,HEATING,61.6,64.0
3588,596,2,HEATING,61.6,64.0
3590,598,2,HEATING,61.7,63.5
3591,599,2,HEATING,61.7,64.0
3592,0,2,COOLING,61.8,64.0
3594,2,2,COOLING,60.4,61.7
3595,3,2,COOLING,60.5,60.0
3597,5,2,COOLING,60.6,59.0
3598,6,2,COOLING,60.5,58.2
3599,7,2,COOLING,60.2,58.0
3600,8,2,COOLING,60.3,57.2
3601,9,2,COOLING,59.9,57.2
3602,10,2,COOLING,59.8,56.7
3603,11,2,COOLING,59.6,57.0
3604,12,2,COOLING,59.5,56.5
3606,14,2,COOLING,59.2,56.2
3607,15,2,COOLING,59.1,56.2
3608,16,2,COOLING,59.1,56.2
3609,17,2,COOLING,58.5,56.0
3610,18,2,COOLING,58.5,55.7
3611,19,2,COOLING,58.4,54.7
3613,21,2,COOLING,58.2,54.7
3614,22,2,COOLING,57.7,54.7
3615,23,2,COOLING,58.1,55.0
3616,24,2,COOLING,57.8,54.5
3617,25,2,COOLING,57.6,54.2
3618,26,2,COOLING,57.5,54.5
3619,27,2,COOLING,57.4,53.7
3620,28,2,COOLING,57.3,54.2
3622,30,2,COOLING,57.1,54.0
3623,31,2,COOLING,56.9,54.0
3624,32,2,COOLING,56.8,53.5
3625,33,2,COOLING,56.8,53.2
3626,34,2,COOLING,56.7,52.5
3627,35,2,COOLING,56.6,53.2
3629,37,2,COOLING,56.3,52.7
3630,38,2,COOLING,56.1,53.0
3631,39,2,COOLING,56.2,52.7
3632,40,2,COOLING,56.1,52.7
3633,41,2,COOLING,55.8,52.2
3634,42,2,COOLING,56.6,52.7
3635,43,2,COOLING,56.6,54.2
3636,44,2,COOLING,56.5,54.5
3638,46,2,COOLING,56.4,54.2
3639,47,2,COOLING,56.3,54.5
3640,48,2,COOLING,56.3,54.5
3641,49,2,COOLING,56.2,55.0
3642,50,2,COOLING,56.1,54.5
3643,51,2,COOLING,56.1,55.0
3645,53,2,COOLING,56.0,54.7
3646,54,2,COOLING,55.9,54.5
3647,55,2,COOLING,55.8,54.5
3648,56,2,COOLING,55.7,54.2
3649,57,2,COOLING,55.7,54.2
3650,58,2,COOLING,55.6,54.2
3651,59,2,COOLING,55.5,54.2
